vscrammage0,PhdauybR,PhdauybR,Velma,Scrammage,9 Roxbury Parkway,Teongtoda
bfoat1,nOiKao,nOiKao,Boycey,Foat,7 Londonderry Place,Zamoskvorech’ye
ghandke2,Tv45e9i8,Tv45e9i8,Gustavo,Handke,78 Sauthoff Point,Nanton
agooda3,W6qFH11,W6qFH11,Addy,Gooda,57 Hermina Pass,Pinillos
balltimes4,JTMD7v,JTMD7v,Billi,Alltimes,07107 Cordelia Trail,‘Alī al Gharbī
crobillard5,DgIrrwCrPcBp,DgIrrwCrPcBp,Corene,Robillard,1 Lakewood Gardens Drive,Ōkawa
dlack6,ENXmRkE,ENXmRkE,Dalia,Lack,734 New Castle Way,Lobuk
jgoves7,IaMIP5fdc,IaMIP5fdc,Jarvis,Goves,4735 Dennis Trail,Colca
abreydin8,OV4zbCMN,OV4zbCMN,Ade,Breydin,2126 Clove Avenue,Jawornik Polski
kkubecka9,bFwKpz7y5OG,bFwKpz7y5OG,Kristoffer,Kubecka,6250 8th Hill,Santa Cruz Muluá
cnavarroa,GNAUxca,GNAUxca,Chicky,Navarro,77 Oriole Avenue,São Sebastião
schatelainb,xzistZVUUI,xzistZVUUI,Selma,Chatelain,037 Florence Junction,Higetegera
tdibdenc,qzxHbj1uw,qzxHbj1uw,Terra,Dibden,3842 Knutson Lane,Tanjungkerta
mpenningsd,JO64UX,JO64UX,Myrta,Pennings,290 Shopko Circle,Piraquara
gtissimane,v17Fuw8,v17Fuw8,Gene,Tissiman,795 Oak Valley Parkway,Ābdānān
gpegdenf,coXWIwS6D7,coXWIwS6D7,Gustave,Pegden,11 Kipling Hill,Catbalogan
dcoulthartg,sgbrw18DideL,sgbrw18DideL,Danita,Coulthart,27 Onsgard Place,Yur’yev-Pol’skiy
mbeuscherh,TlwrP1R,TlwrP1R,Mervin,Beuscher,9348 Meadow Valley Junction,Ouésso
cvenusi,0shltLn3C75,0shltLn3C75,Cherrita,Venus,18866 Lunder Way,Ifo
jcarcassj,vq9QHRCb5,vq9QHRCb5,Jard,Carcass,00945 Mallard Hill,Yangchao
kfurssek,AYMjc9pWa,AYMjc9pWa,Kitty,Fursse,80421 Carey Alley,Kastsyukovichy
esambalsl,ADizKcxJ,ADizKcxJ,Emelen,Sambals,8601 Transport Hill,Tekikbanyuurip
dbeckmannm,t2gbsOr6,t2gbsOr6,Damiano,Beckmann,37108 Prairie Rose Hill,Kema
neltonn,B6dcZitHNGI4,B6dcZitHNGI4,Nowell,Elton,90332 Daystar Drive,Bebedouro
mdeblingo,DlTdNsV0,DlTdNsV0,Margaretha,Debling,4445 Fuller Road,Pingdi
rdibnahp,uFBMR7fZL1v,uFBMR7fZL1v,Raviv,Dibnah,56552 Blackbird Place,Suai
dschwandq,RND9N6WJUrPF,RND9N6WJUrPF,Dasya,Schwand,1 Mosinee Point,Yu’erhong
nmanneringr,vzUmRQCixKw,vzUmRQCixKw,Noach,Mannering,6517 Boyd Parkway,Acobamba
awudelands,6CdfRpQKhE4,6CdfRpQKhE4,Abel,Wudeland,5189 4th Center,Xin’an
tcollymoret,m81xygp64,m81xygp64,Toma,Collymore,7 Fuller Pass,Vřesina
afantonettiu,LJnPcGW2jNS,LJnPcGW2jNS,Alley,Fantonetti,1680 Northfield Pass,Shenglilu
rmcdermottrowv,kBMfsc,kBMfsc,Rowena,McDermott-Row,2 Mendota Point,Sapiranga
rgiloglyw,4IHTzuuVNi1S,4IHTzuuVNi1S,Rayshell,Gilogly,26984 Coolidge Lane,Cabuyao
gloweyx,DHbcQy,DHbcQy,Giffer,Lowey,776 Riverside Center,Petrov
zsutcliffey,QXySpq,QXySpq,Zacharie,Sutcliffe,4 Westend Park,Orhon
ggoodiez,k8dU6n,k8dU6n,Giacopo,Goodie,5 Lindbergh Drive,Xinyi
omoughton10,MI1hZH4,MI1hZH4,Obadiah,Moughton,979 Carey Alley,Koszarawa
wfawlks11,KqS4v9Gd5ik,KqS4v9Gd5ik,Wiatt,Fawlks,370 Harbort Trail,Gabi
dtarbatt12,wyThj7LhlY0U,wyThj7LhlY0U,Dixie,Tarbatt,0 Sheridan Alley,Loma
packhurst13,B2lFTvqAS,B2lFTvqAS,Pedro,Ackhurst,5305 Lawn Court,Campo Maior
bpadkin14,lvLUAGv,lvLUAGv,Bev,Padkin,14 Pierstorff Road,Ambelón
agawkes15,SwyTjo3Og5O,SwyTjo3Og5O,Adara,Gawkes,0530 Sycamore Center,Hagonoy
mreadwing16,5Jr0Sh,5Jr0Sh,Marnie,Readwing,163 Pine View Terrace,Prince Albert
ftaber17,RDgai6Cyar3,RDgai6Cyar3,Freddy,Taber,0 Cascade Center,Jermenovci
smilleton18,z3vPXwHYYe,z3vPXwHYYe,Saundra,Milleton,8884 Towne Way,Cuevas
icotta19,TcNWkmNhxP,TcNWkmNhxP,Inna,Cotta,1429 Arizona Place,Hucheng
athies1a,gzmY0InMnUSd,gzmY0InMnUSd,Alida,Thies,61 Fisk Trail,Sifangxi
rozintsev1b,VboiXF2,VboiXF2,Renate,Ozintsev,196 Pine View Point,Cruz Alta
mlonsbrough1c,6L10eXPzp,6L10eXPzp,Margot,Lonsbrough,7 Coleman Avenue,Beizheng
gskellon1d,k9aKqXuWSa,k9aKqXuWSa,Gallard,Skellon,30117 Carey Drive,San Gregorio
akhosa1e,9t9ckisOFpvk,9t9ckisOFpvk,Adan,Khosa,55970 Hansons Road,Vermelha
bsabbatier1f,lLWhscB,lLWhscB,Bradan,Sabbatier,54692 Hermina Center,Kamaris
bledner1g,6W0FA9qbUAv,6W0FA9qbUAv,Brand,Ledner,1255 Roth Hill,Lagoa de Albufeira
tironside1h,vQNkUt,vQNkUt,Tadd,Ironside,112 Coolidge Way,Takaishi
mdautry1i,wgXVwVpSLYi6,wgXVwVpSLYi6,Marcellina,Dautry,19167 Bluejay Way,Tebluru
chemphill1j,gJ3wmZ4LLaI,gJ3wmZ4LLaI,Christie,Hemphill,6 Village Court,Yayao
hegan1k,7mfI3a,7mfI3a,Horacio,Egan,9 Crest Line Hill,Kunduz
abrook1l,HqBFQFY2b5U,HqBFQFY2b5U,Arman,Brook,50654 Katie Avenue,Mustvee
tfazzioli1m,jcvIEUB,jcvIEUB,Thaddus,Fazzioli,12775 Atwood Road,Sagrada Familia
rkeneforde1n,ONsqT9s,ONsqT9s,Rhona,Keneforde,4092 Village Center,Shuanggang
ybuxcey1o,XGXPQ04,XGXPQ04,Yoko,Buxcey,55 7th Alley,Karanganyar
bhairesnape1p,xM2z42Ecbf9X,xM2z42Ecbf9X,Bari,Hairesnape,8 Jenna Plaza,‘Afīf
rpantecost1q,hJzwSEckjC,hJzwSEckjC,Renault,Pantecost,58 Daystar Terrace,Beima
freasce1r,2tasllrmmD9I,2tasllrmmD9I,Fran,Reasce,88 Talisman Center,Kajar
psarfass1s,oC2lV92y,oC2lV92y,Prue,Sarfass,859 Harbort Crossing,Santa Cruz Muluá
ggilphillan1t,zueoFvx,zueoFvx,Georg,Gilphillan,8 Dovetail Way,Kostel
bborth1u,p33ayjQ,p33ayjQ,Brodie,Borth,583 Village Green Park,Kyzyl-Kyya
cvaggers1v,xwUrtlHxLn7,xwUrtlHxLn7,Corney,Vaggers,4 Surrey Point,Yuchi
hcamm1w,VDcsZ8csLTAt,VDcsZ8csLTAt,Horatia,Camm,47 Mosinee Terrace,Ngudu
fgligori1x,PYwAz9veAe,PYwAz9veAe,Fanya,Gligori,00051 Upham Junction,Duobao
abaroc1y,B9pmjwQ,B9pmjwQ,Alaster,Baroc,2875 Hollow Ridge Road,Fuzhiping
gkildale1z,Jnc7dRsTmN9,Jnc7dRsTmN9,Giulietta,Kildale,37549 Debs Junction,Kanazawa-shi
aswadlen20,MjBGVV1,MjBGVV1,Arnoldo,Swadlen,27 Porter Circle,Masina
tsurgenor21,YFUuRXLvSH,YFUuRXLvSH,Teodor,Surgenor,3 Scott Park,Solnechnogorsk
kpulbrook22,m6A1nRztzN9,m6A1nRztzN9,Ken,Pulbrook,8348 Gerald Alley,Phichit
sjinkin23,zBxCGlwlqCt,zBxCGlwlqCt,Salomi,Jinkin,33450 Grim Avenue,Sechenovo
jmalinson24,siGrzPKx,siGrzPKx,Jelene,Malinson,84518 Upham Terrace,Sinop
fsayes25,hzrQQe7SZe,hzrQQe7SZe,Fonsie,Sayes,200 Gerald Pass,Seiça
cabbatini26,xv5K4aAx,xv5K4aAx,Cedric,Abbatini,42969 Haas Place,Dongjiao
rduce27,3JA7wz,3JA7wz,Ryley,Duce,4634 Sauthoff Plaza,Shimen
nvooght28,c9GMEx,c9GMEx,Naoma,Vooght,36943 Hansons Plaza,Xianyan
cglasbey29,uhU5v1QbRXx0,uhU5v1QbRXx0,Corly,Glasbey,31 Lawn Plaza,San Juan de Colón
iseviour2a,JSiHlPTZ,JSiHlPTZ,Isabella,Seviour,04287 Bobwhite Plaza,Jönköping
scoogan2b,9LzMJUQBh,9LzMJUQBh,Shelia,Coogan,7 Ruskin Lane,Gongpo
fzwicker2c,AqnENrZCkD,AqnENrZCkD,Federico,Zwicker,48 Oneill Street,Montpellier
ukelner2d,JMUI7M,JMUI7M,Urbano,Kelner,4336 Forster Parkway,Znojmo
cpedder2e,lzwHXaColS,lzwHXaColS,Clarissa,Pedder,118 Spohn Crossing,Estaca
alehon2f,QSqsmg,QSqsmg,Ashley,Lehon,62 Quincy Street,Milán
seake2g,WlENJKf,WlENJKf,Samuele,Eake,418 Swallow Drive,Butterworth
acapelin2h,4A7sIi2,4A7sIi2,Anny,Capelin,07223 School Crossing,Firovo
mduchesne2i,IBbyH2,IBbyH2,Marlowe,Duchesne,4 Lighthouse Bay Parkway,Pital
zolligan2j,UdyXd6,UdyXd6,Zaccaria,Olligan,953 Mosinee Plaza,Bakıxanov
vbelliss2k,tRbHXVBQg,tRbHXVBQg,Valerie,Belliss,95911 Graedel Parkway,Itaporanga
msteketee2l,OMUrp4uVG,OMUrp4uVG,Minny,Steketee,9 Clarendon Drive,Omaha
atregear2m,dJ5WVHyB,dJ5WVHyB,Albina,Tregear,39869 Weeping Birch Center,Shimeitang
radamovsky2n,O63wov,O63wov,Ruben,Adamovsky,3 Summit Court,Tetaf
fbrayley2o,RBtfxz5a,RBtfxz5a,Fergus,Brayley,30 Moland Hill,Solna
kgeorgeot2p,cJ3PBYIV8zmy,cJ3PBYIV8zmy,Kari,Georgeot,5 Erie Terrace,Bendungan
livanyukov2q,usT2FULT,usT2FULT,Lyndsay,Ivanyukov,05548 Annamark Court,At-Bashi
mnewsham2r,i97fRtU,i97fRtU,Marjie,Newsham,25 Golden Leaf Parkway,Chalan Pago-Ordot Village
nbernetti2s,4NLLgtcWS,4NLLgtcWS,Nicko,Bernetti,19 Shoshone Trail,Jembayan Hitam
asturr2t,JgcafhoMmY,JgcafhoMmY,Alphonse,Sturr,084 Autumn Leaf Trail,Rivas
gradolf2u,7jBnGnP,7jBnGnP,Gerri,Radolf,48846 Utah Park,Siedlce
plackner2v,pQIo5eCax,pQIo5eCax,Prudy,Lackner,9 Valley Edge Circle,Jingzhou
rabrahamian2w,mdKOkYQII2V,mdKOkYQII2V,Rhodie,Abrahamian,6 Jenna Plaza,Sancti Spíritus
tsell2x,K0TL0mzL,K0TL0mzL,Tanitansy,Sell,9 Hooker Circle,Acacías
sacton2y,kul08o,kul08o,Shea,Acton,31 Katie Terrace,København
ndrissell2z,lZs63JKykUr,lZs63JKykUr,Nolana,Drissell,2 Michigan Circle,Thị Trấn Kim Tân
cgrout30,D0xbNywR,D0xbNywR,Collie,Grout,41 Summerview Road,Diadi
cgoudge31,8ZCGQmrW2,8ZCGQmrW2,Conchita,Goudge,93080 Dunning Point,Hemudu
gantonsson32,ox5dyQ,ox5dyQ,Gwyneth,Antonsson,8 Banding Circle,Poggio di Chiesanuova
hkareman33,1aaVjGPBy2P,1aaVjGPBy2P,Hildagard,Kareman,66716 International Center,Áthyra
rboorer34,6gc037,6gc037,Rem,Boorer,76 Basil Hill,Béziers
amckinlay35,s9bqiq,s9bqiq,Abba,McKinlay,3 Macpherson Trail,Matou
tacomb36,TwbSgLfx8vn,TwbSgLfx8vn,Terence,Acomb,2672 Loomis Junction,Kokkári
cworlidge37,ORdjsObXFxDY,ORdjsObXFxDY,Cody,Worlidge,763 Memorial Point,Zhili
lschonfelder38,TYDqjZIJ,TYDqjZIJ,Louella,Schonfelder,7991 Drewry Place,Obudu
rvanarsdall39,eRS9FFEv3l,eRS9FFEv3l,Robin,Van Arsdall,392 Menomonie Parkway,Sindi
soheffernan3a,Tom6bYAqr2Kl,Tom6bYAqr2Kl,Sayres,O'Heffernan,46796 Charing Cross Way,Parikkala
sbiaggioni3b,CknVHJ9ME8,CknVHJ9ME8,Sayer,Biaggioni,8 Bunting Circle,Corinto
afinicj3c,hHZo7tHUc,hHZo7tHUc,Austin,Finicj,213 Hovde Pass,Bandarlampung
zboyda3d,5kSSmZqx,5kSSmZqx,Zaria,Boyda,71473 Summer Ridge Parkway,Santisimo Rosario
tsymes3e,ig38Fgwbuqp,ig38Fgwbuqp,Tab,Symes,319 Thompson Street,Slavkov u Brna
djanicki3f,Xs6ITsuEdPaQ,Xs6ITsuEdPaQ,Dana,Janicki,82 Corben Parkway,Sīdī Sālim
osilkstone3g,npEJjcNbPeta,npEJjcNbPeta,Olwen,Silkstone,6088 John Wall Point,Dougang
ctoner3h,2nLCrb2E,2nLCrb2E,Carmine,Toner,0220 Morning Junction,Rakhmanovo
bmactrusty3i,SkqQTFWETj,SkqQTFWETj,Brok,MacTrusty,6 Laurel Plaza,Lisboa
aenion3j,LaJ4is,LaJ4is,Avery,Enion,2582 Sunbrook Pass,Vällingby
kcavan3k,NXqqYoIxBfVu,NXqqYoIxBfVu,Krista,Cavan,42 Westport Lane,Jiangzao
nedelheid3l,NZGeQtu7J,NZGeQtu7J,Norma,Edelheid,3361 Arizona Terrace,Ashtarak
kcasetta3m,plHoybmrn4SR,plHoybmrn4SR,Kirbee,Casetta,0159 Dixon Center,Lago da Pedra
gomalley3n,aR3eTy2b,aR3eTy2b,Gibb,O'Malley,99554 Eastlawn Road,Lidköping
npegler3o,spXsjC9,spXsjC9,Nicolina,Pegler,64315 Logan Lane,Orekhovo-Borisovo
dpoveleye3p,VOST3O8d,VOST3O8d,Dunc,Poveleye,417 Fallview Hill,Salinas
rmcilenna3q,59vcNgvFB,59vcNgvFB,Rogerio,McIlenna,57463 Loeprich Street,Orzu
dortler3r,2uSbjVEW,2uSbjVEW,Dorey,Ortler,381 Declaration Circle,Esquipulas
mrobard3s,zrfaGTic,zrfaGTic,Mae,Robard,65816 Victoria Street,Badrah
pnajera3t,A3QGkzqi6,A3QGkzqi6,Parrnell,Najera,050 Meadow Valley Junction,Majennang
adumigan3u,ajs1Ejvhw,ajs1Ejvhw,Annabela,Dumigan,09 Sachtjen Drive,Hafrsfjord
ipierro3v,4OhlnZm4rw,4OhlnZm4rw,Imogene,Pierro,963 Macpherson Terrace,Dubréka
apachmann3w,BPWXywb4Of8H,BPWXywb4Of8H,Alva,Pachmann,5319 Canary Trail,Szczecin
rauten3x,CuyGlNh,CuyGlNh,Rip,Auten,994 Namekagon Junction,Lapaz
hbaldinotti3y,pa7hVCHoru,pa7hVCHoru,Hendrick,Baldinotti,7908 Prairie Rose Alley,Las Flores
rmcmenamie3z,Hbw3ES,Hbw3ES,Roderigo,McMenamie,00950 1st Circle,Nice
rpernell40,id9o1yg,id9o1yg,Roger,Pernell,8 Little Fleur Road,Macroom
dpetren41,IzQ7xox0DsJY,IzQ7xox0DsJY,Donavon,Petren,83553 Westend Junction,Jutiapa
lwarkup42,BbVtAtP,BbVtAtP,Lorne,Warkup,0653 Nobel Circle,Donggu
edaventry43,mgbyMx,mgbyMx,Erma,Daventry,854 Loomis Alley,Ezhou
abeacom44,bRnpcGOOIcD,bRnpcGOOIcD,Aurora,Beacom,980 Glendale Parkway,São Martinho de Árvore
mdinehart45,1ih3ummWx0ou,1ih3ummWx0ou,Margie,Dine-Hart,7 Spaight Point,Vale de Vila
lpadgham46,EibWjvExyu,EibWjvExyu,Legra,Padgham,047 Tennessee Lane,Buutuo
hburgen47,jGytx1aoAZr,jGytx1aoAZr,Hillie,Burgen,36 Stuart Place,Ikata-chō
lsambles48,xfHmlAY,xfHmlAY,Leontyne,Sambles,2442 Southridge Plaza,Estelí
gghio49,TL7VgaMs,TL7VgaMs,Gwendolin,Ghio,26623 Anhalt Hill,Jurovski Dol
msyer4a,GtHrW21Z,GtHrW21Z,Mandi,Syer,77 Eggendart Court,Đức Phong
sbabber4b,ArLbMxphbLq,ArLbMxphbLq,Sammy,Babber,36 Northport Street,Pira
dcodrington4c,RCComVwlm,RCComVwlm,Derron,Codrington,6 Messerschmidt Junction,Buin
sbeeden4d,BiPKwk,BiPKwk,Sauncho,Beeden,43 Superior Drive,Slavyanovo
goflaherty4e,8L2N0glWZ,8L2N0glWZ,Gay,O'Flaherty,1383 Drewry Point,Lat Yao
fwrassell4f,49L5zfbJ,49L5zfbJ,Fredrika,Wrassell,86 Badeau Parkway,Chandal Bā’ī
enorthcott4g,ExjDIuxt,ExjDIuxt,Elyse,Northcott,0475 Welch Pass,Korisós
omckmurrie4h,FO5wBYawEJ4n,FO5wBYawEJ4n,Odilia,McKmurrie,81 Magdeline Junction,Tafí Viejo
kfilippov4i,fjrXOtErK7,fjrXOtErK7,Kendell,Filippov,98513 Novick Park,Dadoupu
hroycroft4j,A0ZNSeBDAZN,A0ZNSeBDAZN,Hartwell,Roycroft,2002 Coolidge Trail,Mossendjo
opawlicki4k,q2fpiacFi7I,q2fpiacFi7I,Orion,Pawlicki,107 Heath Terrace,Hepingyizu
todwyer4l,iRkkF53jPP,iRkkF53jPP,Tatiania,O'Dwyer,64479 Green Point,Cayambe
abiernat4m,1bLCrcOxPD,1bLCrcOxPD,Amitie,Biernat,18 Calypso Crossing,Calebasses
scardenoso4n,NAXfjWxCG,NAXfjWxCG,Seumas,Cardenoso,6805 Warner Court,Mogwase
lheningam4o,U6PBnK,U6PBnK,Lillis,Heningam,2 Prairie Rose Park,Palilula
gbullerwell4p,O95QeTtak6nk,O95QeTtak6nk,Gladi,Bullerwell,13 Packers Pass,Sosnovyy Bor
kreubens4q,XeRFHMUhj,XeRFHMUhj,Kelbee,Reubens,8384 Lakewood Gardens Park,San José de La Montaña
gnelthorp4r,wGZuqi,wGZuqi,Gabi,Nelthorp,94542 Bellgrove Hill,Zhongxin
fregglar4s,Y1GtPPNmohW,Y1GtPPNmohW,Forbes,Regglar,95545 Clarendon Drive,Betania
rdunderdale4t,LbiR0vJsqi5,LbiR0vJsqi5,Raychel,Dunderdale,8 Fairview Circle,La Cesira
ofriedlos4u,2lsCmRV1Y5n,2lsCmRV1Y5n,Osborne,Friedlos,2 Vidon Road,Canggang
melflain4v,QHwkZy,QHwkZy,Marion,Elflain,793 Bellgrove Road,Kabale
adrakard4w,EPOHjeWJl,EPOHjeWJl,Aloysia,Drakard,6 Mayer Avenue,Shiraz
rstelli4x,xHfmJk,xHfmJk,Roseline,Stelli,959 Porter Trail,Sumberrejo
gyoungman4y,qru97Ag0,qru97Ag0,Gennifer,Youngman,03554 Rigney Avenue,Argivai
rpauls4z,h0h8uoOu,h0h8uoOu,Row,Pauls,7056 Hooker Center,Vilarinho das Cambas
cstockow50,98R6clDfu6,98R6clDfu6,Cornelius,Stockow,3 Clyde Gallagher Pass,Gujō
ckubiczek51,nxx7bLFCx2nq,nxx7bLFCx2nq,Colan,Kubiczek,5 Elgar Terrace,Lávara
mpaulin52,HmopWHB,HmopWHB,Min,Paulin,86 Quincy Circle,Akarakar
lchadwick53,OgPB8NXcUgD,OgPB8NXcUgD,Licha,Chadwick,4228 Southridge Park,Lučina
rrisebrow54,58lT5QMSg,58lT5QMSg,Royall,Risebrow,624 Fremont Terrace,El Cerrito
mscudder55,dZHivLnN9O,dZHivLnN9O,Murray,Scudder,45 Everett Lane,Āsasa
kharfoot56,4UE8NcRUop2D,4UE8NcRUop2D,Kellia,Harfoot,730 Basil Center,Mūsa Khel Bāzār
lspieck57,h2AYZJ,h2AYZJ,Larissa,Spieck,15 7th Place,Conceição do Jacuípe
amckenney58,dMhLvpw,dMhLvpw,Appolonia,McKenney,20 Pond Crossing,Qinlan
ngoundrill59,INDyB2My9mSE,INDyB2My9mSE,Nikolia,Goundrill,4859 Katie Court,Kukawa
apasse5a,wuiOiqzs88,wuiOiqzs88,Ashia,Passe,939 2nd Road,Borås
cfaragher5b,SqNYeD,SqNYeD,Christean,Faragher,65859 Annamark Street,Risaralda
bstaniford5c,fyEUCk0hCTE,fyEUCk0hCTE,Brigg,Staniford,4827 Jenna Center,Maïné Soroa
cgeffcock5d,odnFPbOVCdCl,odnFPbOVCdCl,Correy,Geffcock,21113 Pierstorff Point,Yunchi
mworsnup5e,zkJObY,zkJObY,Marty,Worsnup,0 Dovetail Point,Shanga
zchiene5f,HEyT7i,HEyT7i,Zachariah,Chiene,508 Mockingbird Place,Yambol
bjedrzejczyk5g,BDrNh5IdtH,BDrNh5IdtH,Britni,Jedrzejczyk,402 Nobel Place,Nakasongola
ssamson5h,696VNHv8qljJ,696VNHv8qljJ,Saunderson,Samson,05679 Jackson Pass,Pakisrejo
boglethorpe5i,mUHYJJXW,mUHYJJXW,Benn,Oglethorpe,3 Warbler Avenue,Manturovo
rtimmens5j,D8qo0N5Y2m30,D8qo0N5Y2m30,Roley,Timmens,49365 Gulseth Park,Kalwaria Zebrzydowska
hhatter5k,MyUFAc,MyUFAc,Hunt,Hatter,17 Stoughton Street,Pryazovs’ke
kpeperell5l,FortWn,FortWn,Kingsley,Peperell,25536 Hoffman Pass,Shar’ya
tmozzini5m,jRe7FPiePuHF,jRe7FPiePuHF,Tatiana,Mozzini,89 Red Cloud Way,Hongsihu
ddocherty5n,LNXSz2LeFT,LNXSz2LeFT,Demetri,Docherty,1841 Lien Point,Wadusari
cledward5o,KWyg9RNo,KWyg9RNo,Cayla,Ledward,22483 Anthes Pass,Dallas
eeyeington5p,nySoTgjmi7RA,nySoTgjmi7RA,Elianore,Eyeington,1351 Comanche Hill,Jeberos
kromke5q,NGqkoDE1gQ,NGqkoDE1gQ,Killian,Romke,548 Maryland Hill,Ungsang
mpinnock5r,OcTJGkBI,OcTJGkBI,Moritz,Pinnock,45442 Daystar Way,Tervel
fdelbergue5s,iEC6AyTg3lt,iEC6AyTg3lt,Fredia,Delbergue,9 Gale Alley,Pécs
pnern5t,rmmLfnIl,rmmLfnIl,Peder,Nern,0367 Menomonie Avenue,Golovchino
rgartside5u,mSP8AoHL,mSP8AoHL,Ricki,Gartside,575 Cordelia Terrace,Mizur
bscramage5v,fwvsscgvN,fwvsscgvN,Bendite,Scramage,02 Artisan Place,Kosai-shi
lcoslett5w,yrfcsXq,yrfcsXq,Lula,Coslett,13130 American Ash Avenue,Jeffersonville
abrundle5x,XEwnGVdfxLLN,XEwnGVdfxLLN,Alvina,Brundle,8735 Crownhardt Lane,Nahura
mbury5y,Xl5L04l8,Xl5L04l8,Marion,Bury,12173 Erie Court,Xiashuitou
athandi5z,UtrV7F6Ya,UtrV7F6Ya,Annie,Thandi,3995 Lighthouse Bay Park,Zürich
fsleney60,FNcG09U,FNcG09U,Faythe,Sleney,2478 Longview Park,Salem
ogledhall61,ZpU7cWOg,ZpU7cWOg,Otes,Gledhall,88 Westerfield Park,Turze Pole
smarcome62,94d44XUg8PIb,94d44XUg8PIb,Shawna,Marcome,370 Steensland Center,Feteira Pequena
sabbate63,JuMmt9i,JuMmt9i,Sansone,Abbate,378 Onsgard Hill,Otukpa
hfrearson64,fzOUn7Bl,fzOUn7Bl,Helge,Frearson,7102 Calypso Place,Sơn Tịnh
isatford65,rDIbeS02Ms3,rDIbeS02Ms3,Iormina,Satford,91373 Monica Pass,Dūrā al Qar‘
gwyllis66,ImdOAuf,ImdOAuf,Griffin,Wyllis,5101 Corry Lane,Layu
rperillo67,ojqvUakbfeU,ojqvUakbfeU,Roseann,Perillo,6366 Dayton Parkway,Numazu
kbillingham68,KeRV9u,KeRV9u,Karl,Billingham,94 Carey Lane,Vilque Chico
kmatthai69,Jyzk9Ba2n6s,Jyzk9Ba2n6s,Kalila,Matthai,958 Northland Junction,Curitibanos
rbengle6a,kO4wD9wLx,kO4wD9wLx,Robb,Bengle,1484 School Drive,Ulset
gmolineux6b,j333eIbiLPvK,j333eIbiLPvK,Glenda,Molineux,2 Lindbergh Park,Yukhnov
mcammoile6c,CMDOt68Lc,CMDOt68Lc,Meggie,Cammoile,2 Brentwood Terrace,Burunday
edabrowski6d,Al0KwuW,Al0KwuW,Elisabeth,Dabrowski,3214 Logan Street,Wenshang
lshewsmith6e,7kruZkjt,7kruZkjt,Lamond,Shewsmith,49415 Tennyson Way,Västerås
sollerhad6f,RrxxwxAxeDC,RrxxwxAxeDC,Stephine,Ollerhad,6 Thackeray Road,Virolahti
estote6g,xZdPwFJ12M,xZdPwFJ12M,Ericha,Stote,6 Knutson Trail,Dębno
jiacavone6h,7wlSOKuReVkv,7wlSOKuReVkv,Joey,Iacavone,4 Walton Place,Karlskoga
glisle6i,QvrsyvA,QvrsyvA,Guglielma,Lisle,9507 Meadow Valley Hill,Qalqaman
mminor6j,iHss4jpCC,iHss4jpCC,Mahmud,Minor,8 Myrtle Place,Changxingbao
icenter6k,QT1B72Y,QT1B72Y,Issiah,Center,2441 Hallows Crossing,Mulan
fandreutti6l,eKvIduW,eKvIduW,Farand,Andreutti,91 Fuller Way,Koran
bparmenter6m,EP4x4g0Nt,EP4x4g0Nt,Barbaraanne,Parmenter,37 Bobwhite Parkway,Iktābah
gfass6n,XDZARkjo,XDZARkjo,Goldia,Fass,2898 Saint Paul Court,Pedreira
aewbank6o,SPy2abNfi5A7,SPy2abNfi5A7,Ashlie,Ewbank,66861 Anhalt Road,Las Yaras
rmattiassi6p,GE9PLVcZX3m,GE9PLVcZX3m,Rufus,Mattiassi,66 Fulton Trail,Accha
gwasmer6q,PcWBLr,PcWBLr,Gwendolyn,Wasmer,86 Kennedy Trail,Hacıqabul
wsproston6r,llG9IxxOkn6r,llG9IxxOkn6r,Walton,Sproston,7 Johnson Place,Bherāmāra
eboyton6s,oTglLPEDWy,oTglLPEDWy,Elie,Boyton,49580 Mandrake Plaza,Vale Maceiras
sfowlie6t,yY8jN11,yY8jN11,Sascha,Fowlie,85 Grayhawk Center,Shuinan
dvynoll6u,KC5A8P6d97rF,KC5A8P6d97rF,Daniel,Vynoll,7528 Mariners Cove Place,Água Preta
mlote6v,BFPE9R6eDxo,BFPE9R6eDxo,Marlo,Lote,77310 Hollow Ridge Drive,Huangludian
awombwell6w,SLKa4GZ2rj,SLKa4GZ2rj,Alice,Wombwell,305 Valley Edge Alley,Borek Wielkopolski
cslisby6x,FpA3l1Kc,FpA3l1Kc,Caroljean,Slisby,59757 Brentwood Street,Příšovice
sbertwistle6y,9JKISbLJOMP,9JKISbLJOMP,Seana,Bertwistle,8912 Mockingbird Center,Kyaukse
lcomello6z,CCyuUZ28,CCyuUZ28,Loralie,Comello,0 Scott Terrace,Khuzdār
bsuett70,6CT6g0G,6CT6g0G,Berthe,Suett,3 Sunnyside Court,Banturkrajan
aspurdon71,YJwb40w,YJwb40w,Alonzo,Spurdon,28040 Cordelia Junction,Rosignol
ggreguoli72,3H7xkSga,3H7xkSga,Gaspard,Greguoli,088 Oakridge Street,Radzanów
fhourican73,dy71BUiSKvM,dy71BUiSKvM,Far,Hourican,727 Fulton Street,Suva Reka
vmordie74,cNtq01QReGv,cNtq01QReGv,Vivianna,Mordie,2 Talmadge Crossing,Kuala Lumpur
llarchiere75,FK6LB6pF2EQ,FK6LB6pF2EQ,Lindsy,Larchiere,60336 Thompson Way,Angasmarca
vbick76,rm6gbcKzj,rm6gbcKzj,Vilhelmina,Bick,29 Brentwood Terrace,Komorniki
esteggals77,qw94FHc3,qw94FHc3,Elinore,Steggals,9290 Erie Parkway,Midland
rfrancescone78,wkiGWJsKl,wkiGWJsKl,Rozanna,Francescone,11349 Thierer Crossing,Cisitu
skocher79,0zzTPnehjKsU,0zzTPnehjKsU,See,Kocher,30341 Del Sol Road,Valbo
blydden7a,D6N9Wh,D6N9Wh,Bernadette,Lydden,1 Nova Avenue,Changfa
nshank7b,4b8tpfhF3AO,4b8tpfhF3AO,Nerita,Shank,82776 New Castle Court,Gogosuket
jescott7c,DVJIBUj,DVJIBUj,John,Escott,8213 Dawn Plaza,Pran Buri
odacre7d,W9mBHpC,W9mBHpC,Ogdon,Dacre,8523 Ridgeway Park,Ozherel’ye
khuntress7e,1uqiEqA7H9,1uqiEqA7H9,Kelsey,Huntress,5502 Michigan Center,Umeå
tshickle7f,HrnzMDOB,HrnzMDOB,Thedric,Shickle,53 Lukken Crossing,San Cristóbal
linfantino7g,H5wPQZ,H5wPQZ,Luciana,Infantino,92307 Dennis Place,Busungbiu
mchapling7h,aIgTJKXGTROD,aIgTJKXGTROD,Merill,Chapling,0 Maryland Hill,Iwamizawa
akuhnert7i,WVdcLt,WVdcLt,Andros,Kuhnert,29232 Utah Avenue,Hongshi
cduchart7j,zFXjXxUB9VSZ,zFXjXxUB9VSZ,Celinda,Duchart,966 Waxwing Plaza,Tomaszów Mazowiecki
kolkowicz7k,DSa6Ka1JDk,DSa6Ka1JDk,Katleen,Olkowicz,942 Coleman Pass,Vyritsa
tbaudouin7l,w1pN8wlMwO,w1pN8wlMwO,Tatum,Baudouin,857 Fremont Terrace,Zalanga
fgawler7m,8PdGEmA2X,8PdGEmA2X,Francoise,Gawler,613 Transport Center,Zongga
rtrewin7n,dzSuLULXZ66,dzSuLULXZ66,Roxanna,Trewin,46 Mendota Drive,Okakarara
jpawelek7o,XYjnu28TH,XYjnu28TH,Jonah,Pawelek,76 Northview Hill,Torbay
hgildersleaves7p,oK4TCS,oK4TCS,Huntington,Gildersleaves,1 Twin Pines Way,Maracanaú
kdurnall7q,WzzSshOD,WzzSshOD,Kacey,Durnall,7 Butternut Road,Kalunan
hpozer7r,2nwwfL,2nwwfL,Henri,Pozer,06533 Kensington Park,Oksa
rabbe7s,1FzKzGwjzxN,1FzKzGwjzxN,Ronni,Abbe,1300 Golf Course Hill,San Quintin
vpearcey7t,xLyo6sw7ca,xLyo6sw7ca,Vinson,Pearcey,811 Commercial Drive,Palaífyto
dfrancklyn7u,v7cm1UddBTKZ,v7cm1UddBTKZ,Dorelia,Francklyn,0 Raven Point,Đống Đa
dfilipiak7v,KFUbZFnSDdD,KFUbZFnSDdD,Delmer,Filipiak,52612 Thompson Avenue,Linshui
tjosselsohn7w,xB6m9Zt,xB6m9Zt,Thacher,Josselsohn,352 Lyons Plaza,Tuymazy
xdackombe7x,HX84TQB33,HX84TQB33,Xever,Dackombe,72066 Almo Place,Pak Thong Chai
gmcrobbie7y,4BNY8D3GjKSO,4BNY8D3GjKSO,Guido,McRobbie,2614 Colorado Avenue,Đông Thành
bmatuszewski7z,4498W5,4498W5,Baillie,Matuszewski,09641 Hayes Way,Staroderevyankovskaya
switcombe80,NBZrmMp,NBZrmMp,Stefanie,Witcombe,6766 Garrison Drive,Shangrao
kdeniseau81,t3XeCJjEqjIJ,t3XeCJjEqjIJ,Killian,Deniseau,99071 Green Terrace,Aībak
lwille82,5UNNCZ,5UNNCZ,Larry,Wille,695 Donald Avenue,Syzran’
amein83,yw2rvWkkb0,yw2rvWkkb0,Addie,Mein,24019 Cottonwood Lane,Santa Cruz de Yojoa
apollington84,TptnNi,TptnNi,Annnora,Pollington,9 Briar Crest Crossing,Gande
tbroughton85,wQIMQuhkYPER,wQIMQuhkYPER,Thomasa,Broughton,2 Grasskamp Junction,Yanglin
rrenzo86,czXrDweX,czXrDweX,Ruben,Renzo,3 Bartillon Pass,Nifuboko
mtapper87,MjEtWqXRJ4tL,MjEtWqXRJ4tL,Merry,Tapper,286 Farragut Pass,Moncton
crivalant88,hi1tZMjdk0eG,hi1tZMjdk0eG,Corinna,Rivalant,7396 Crownhardt Hill,Donghu
gdismore89,bnlW2ki5b,bnlW2ki5b,Gizela,Dismore,6 Moulton Park,Yorii
tkepp8a,MKsvmc,MKsvmc,Temple,Kepp,35150 Randy Terrace,Quimper
efinnemore8b,GhmLNmnJE2B,GhmLNmnJE2B,Elladine,Finnemore,882 Burrows Lane,Sousa
clerer8c,1nr9oYWirx1h,1nr9oYWirx1h,Camile,Lerer,05341 Acker Street,Utsunomiya-shi
lwhitford8d,hir3cj,hir3cj,Laurianne,Whitford,5024 Haas Alley,Pregradnaya
msinkinson8e,N0zz3Kf1jNcy,N0zz3Kf1jNcy,Mart,Sinkinson,2 Del Sol Center,Srokowo
rthaller8f,RLDx6Ug5a,RLDx6Ug5a,Roth,Thaller,66605 Wayridge Junction,Pumai
thayto8g,68h2W6TK,68h2W6TK,Tessa,Hayto,38 Dovetail Point,Gaopeng
ecuningham8h,qUCg6vUNC,qUCg6vUNC,Eamon,Cuningham,22296 Dennis Avenue,Žihle
bdytham8i,InJNDwofvk6,InJNDwofvk6,Buddie,Dytham,00205 Hoffman Crossing,Uryupinsk
fguinnane8j,z9hoctI,z9hoctI,Farley,Guinnane,082 1st Drive,Drayton Valley
cduplock8k,VHOXJ0EI,VHOXJ0EI,Celia,Duplock,92 Buhler Court,Yupiltepeque
ematthai8l,wqHv1elIt,wqHv1elIt,Elwood,Matthai,3 Di Loreto Hill,San Francisco
dalsop8m,CSGpltxU0jWi,CSGpltxU0jWi,Dorey,Alsop,965 Farwell Drive,Villa Dolores
slynas8n,MBPGOLJD,MBPGOLJD,Shellie,Lynas,90 Mosinee Avenue,Francisco Villa
lslesser8o,DbHzoHP,DbHzoHP,Lester,Slesser,39 Magdeline Parkway,Flin Flon
lmalbon8p,JGAueg,JGAueg,Lowrance,Malbon,6 Stuart Center,Rancapeundey
kheild8q,AjOwHxRFs7,AjOwHxRFs7,Kessiah,Heild,4316 Crowley Street,Yuyapichis
djirka8r,Ds8eE0cp,Ds8eE0cp,Dene,Jirka,4820 Ridge Oak Place,Ponyri Vtoryye
dhanna8s,5WU2eS1OzBRZ,5WU2eS1OzBRZ,Dawna,Hanna,816 Jackson Place,Tullinge
kmcnirlin8t,loa0Bf1bz,loa0Bf1bz,Ketti,McNirlin,4 Starling Street,Dabola
tmarnane8u,Mxlg9138uXX,Mxlg9138uXX,Taber,Marnane,69 David Trail,Huanggang
ccody8v,nJWNJcaxkUaS,nJWNJcaxkUaS,Catie,Cody,6 Harper Crossing,Qinghua
jbehn8w,9gfJjVZ,9gfJjVZ,Joan,Behn,549 Ilene Crossing,Santiago De Compostela
tjahnig8x,LMVBN3,LMVBN3,Tallia,Jahnig,712 Esch Pass,Nerekhta
lprickett8y,7FzQ32z2MA,7FzQ32z2MA,Lazarus,Prickett,40745 Glacier Hill Pass,Luhanka
sbaldocci8z,HkhnoiS,HkhnoiS,Selene,Baldocci,11228 Center Park,Normanton
bconnealy90,kNGd9008L0CA,kNGd9008L0CA,Bertine,Connealy,5 Lakeland Park,Kongjiang
mbolduc91,rNbClh,rNbClh,Mordecai,Bolduc,01611 Blue Bill Park Trail,Kiruru
dhamberston92,0vGDosD5AY0I,0vGDosD5AY0I,Dwight,Hamberston,508 Hintze Street,Borgholm
sfoffano93,FbNTom,FbNTom,Sheilakathryn,Foffano,80748 Bellgrove Avenue,Stockholm
ckirkland94,EdeA6hy8axy,EdeA6hy8axy,Colline,Kirkland,5 Center Drive,Lianhua
chansana95,vzB0dBM2E9KP,vzB0dBM2E9KP,Chen,Hansana,85356 Crownhardt Circle,Chengui
lwilkes96,C5j1CZyC,C5j1CZyC,Linc,Wilkes,1335 Wayridge Center,Colcabamba
bcuthbertson97,g8HJP5,g8HJP5,Boyce,Cuthbertson,7 Columbus Parkway,Wassu
bhoggan98,hdl2435OxZ,hdl2435OxZ,Barde,Hoggan,0 Del Mar Place,Dhali
aeakins99,PAyl05,PAyl05,Annamarie,Eakins,98254 Rockefeller Alley,Norrtälje
hwilliamson9a,chkXi7L,chkXi7L,Hayley,Williamson,2759 Village Point,Kangar
gcanadas9b,bsigh1x9u,bsigh1x9u,Gail,Canadas,1 Cambridge Plaza,Épinal
sgandey9c,DsGewg,DsGewg,Sarita,Gandey,5131 Schiller Lane,Tamansari
kandrysek9d,WcMZvqC,WcMZvqC,Kendricks,Andrysek,06776 Garrison Park,Kostel
lodriscole9e,LTXVF8XuIfWI,LTXVF8XuIfWI,Liam,O'Driscole,4 Service Circle,Norrköping
fbonner9f,XkLAoCbwV7nq,XkLAoCbwV7nq,Fonz,Bonner,93771 Evergreen Way,Karangtengah Lor
cmungan9g,XHtdvvdYfic,XHtdvvdYfic,Cynthy,Mungan,8 Bunker Hill Crossing,Paraíso
ibosch9h,fAglcj,fAglcj,Inger,Bosch,56 Hudson Alley,Cambridge
jmowle9i,7WCEFZ0E,7WCEFZ0E,Jewel,Mowle,1927 La Follette Street,Koson Shahri
mharrild9j,8km9HOvWTB,8km9HOvWTB,Myer,Harrild,85889 Trailsway Circle,Paphos
cflavelle9k,XMedCTbcr4Si,XMedCTbcr4Si,Cloe,Flavelle,04 Cottonwood Parkway,Kulautuva
rmctiernan9l,bgvC807p5sl4,bgvC807p5sl4,Rosmunda,McTiernan,07870 Bluejay Alley,Camplong
acushelly9m,rNNOUDOpPzg,rNNOUDOpPzg,Alvy,Cushelly,3615 Homewood Street,Doro Oo
fproctor9n,bJcoS63aN,bJcoS63aN,Frazier,Proctor,1 Spohn Crossing,Pendembu
njoost9o,JT9NyRvvqbe7,JT9NyRvvqbe7,Nikolai,Joost,8 American Circle,Al Ḩawātah
dpatmore9p,3qsLRF,3qsLRF,Daven,Patmore,04555 Butterfield Way,Jiaqiao
fmccome9q,T26hnMUE2,T26hnMUE2,Fayette,McCome,4462 Londonderry Alley,Belalcazar
kswalwell9r,k6q9jp,k6q9jp,Karissa,Swalwell,33271 Delaware Point,Gaoshan
ohayton9s,dVbPVRr4,dVbPVRr4,Olag,Hayton,44037 Continental Road,Nieszawa
dcherry9t,SlYtUddZp,SlYtUddZp,Davidde,Cherry,69008 Talmadge Junction,Phak Hai
srobertacci9u,JhGNE7JEBk,JhGNE7JEBk,Sioux,Robertacci,8522 Gateway Center,Damatulan
sbartos9v,YCljqFWxZqfH,YCljqFWxZqfH,Sharia,Bartos,14339 Washington Trail,Gaoqiao
smerrisson9w,xppUFMbS,xppUFMbS,Susanne,Merrisson,58519 Stang Parkway,Luna
mbrailsford9x,crrhdLN,crrhdLN,Milka,Brailsford,9 La Follette Court,São Lourenço da Mata
mhammett9y,1loE3EphYZKq,1loE3EphYZKq,Marty,Hammett,25759 Eastlawn Drive,Krajan Menggare
bborleace9z,N9zw7w,N9zw7w,Boigie,Borleace,330 Dorton Pass,Gao
ctrewhitta0,xR0QGrTg,xR0QGrTg,Codi,Trewhitt,4 New Castle Terrace,Raniżów
cgoldisa1,fEMS21T,fEMS21T,Clerkclaude,Goldis,40 Farragut Junction,Naha-shi
mallchorna2,r5ZhDbMIEcm,r5ZhDbMIEcm,Milka,Allchorn,16 Superior Crossing,Puerto Quellón
chowetta3,Cf9NW3S4wIwO,Cf9NW3S4wIwO,Carrissa,Howett,7559 Parkside Trail,Cavalões
dmcquillina4,vXaBJkWbt6,vXaBJkWbt6,Domenico,McQuillin,008 Waxwing Terrace,Estrela
mscardifielda5,rB36EsDZZr,rB36EsDZZr,Man,Scardifield,4604 Paget Court,Hisings Kärra
nturfusa6,DzpWBR,DzpWBR,Natal,Turfus,5557 North Pass,Choa Saidān Shāh
hconeybearea7,aT51vN1O3,aT51vN1O3,Howard,Coneybeare,5 Main Parkway,Baihua
mabramowitcha8,la5wtvsiCMC,la5wtvsiCMC,Mora,Abramowitch,41 Schurz Alley,Yudaikelike
mczajkowskia9,bmsPAJ,bmsPAJ,Micky,Czajkowski,291 Ryan Point,Jiquinlaca
mbiffenaa,EdNs0o50,EdNs0o50,Mandy,Biffen,3 Monument Center,Wangjiahe
fbagbyab,RoBEgW2,RoBEgW2,Farrand,Bagby,40 Eagle Crest Point,Sepanjang
lmccoidac,x6RhZE3j,x6RhZE3j,Lesley,McCoid,709 Susan Lane,Kazo
wcorstorphinead,OefaXt3zfa,OefaXt3zfa,Woodrow,Corstorphine,64963 Pearson Circle,Golomunta
aguillouae,od0TSd4WFgYF,od0TSd4WFgYF,Amalita,Guillou,02 Carberry Avenue,Ja Ela
drappaf,pk3jhJBuE,pk3jhJBuE,Dorthea,Rapp,54 Dottie Terrace,Atengmelang
aaudenisag,FKHlHjY,FKHlHjY,Atlante,Audenis,62 Bonner Junction,Al Ḩusayn
sluneah,06OfN90f4h,06OfN90f4h,Sayers,Lune,74896 Bartelt Avenue,Skrzyszów
jyessonai,QjAOKPNK,QjAOKPNK,Jamison,Yesson,04626 Hoepker Plaza,Mae Charim
vvardonaj,w5X2su3am9j,w5X2su3am9j,Verena,Vardon,37 Lukken Drive,Umbuldamar
dstraineak,PkntplAmO,PkntplAmO,Dinnie,Straine,1924 1st Road,Alingsås
diansonal,JJ5EdbSR8iv,JJ5EdbSR8iv,Dix,Ianson,6816 Ludington Plaza,Bañga
lvergineam,mXgKHe2QoXx7,mXgKHe2QoXx7,Laughton,Vergine,06982 Elgar Point,Līvāni
ydalean,JWHSa6eS9zm6,JWHSa6eS9zm6,Yasmeen,Dale,580 Summit Alley,Kangalassy
hformanao,wGUCFv,wGUCFv,Harlie,Forman,457 Warrior Park,Domalanoan
barletap,tZjEKYrK2q,tZjEKYrK2q,Bard,Arlet,9837 Westridge Place,San Carlos
ccopsaq,7FMyNpu387m,7FMyNpu387m,Cesare,Cops,305 Monument Drive,Ninove
jbarthrupar,bStTA0qv,bStTA0qv,Jodi,Barthrup,29 Boyd Terrace,Kardítsa
aheatonas,OP45QAKsa,OP45QAKsa,Aluin,Heaton,4 Sullivan Terrace,Sedatigede
cbruniniat,W6rYJH7,W6rYJH7,Conny,Brunini,749 Thackeray Terrace,Guhua
grosparsau,nhnubVj,nhnubVj,Gianina,Rospars,7686 Manitowish Street,Cileuya
alestrangeav,kXoO3FlDmCq,kXoO3FlDmCq,Adena,Lestrange,67 Morningstar Terrace,Lianpeng
abowlandaw,zgKM6XI7qV,zgKM6XI7qV,Arlen,Bowland,42 Green Ridge Plaza,Caen
mdictax,hs5dQc,hs5dQc,Maurits,Dict,762 Mockingbird Way,Sagrada Familia
takkeray,PHbKdJ823Vg,PHbKdJ823Vg,Tabbitha,Akker,39 West Street,Taisen-ri
icotheyaz,gbbCcN,gbbCcN,Isac,Cothey,6638 Reindahl Way,Pancanagara
bbousteadb0,xAGnuh,xAGnuh,Bendix,Boustead,22193 Transport Center,Maikawada
rgirhardb1,7gNjX6h8,7gNjX6h8,Riobard,Girhard,01202 Novick Plaza,Kremidivka
sdonkeb2,uwfeUe,uwfeUe,Sheena,Donke,30829 Waywood Center,Kassándreia
lgummerb3,VbodUFk,VbodUFk,Langston,Gummer,90 Rutledge Way,Zwolle
llandalb4,Uol2nJIEUCAH,Uol2nJIEUCAH,Leighton,Landal,5 Schiller Point,Dupi
awessonb5,UOFMtQ8BfzVN,UOFMtQ8BfzVN,Abdel,Wesson,80 Chive Point,Salamrejo
lriplyb6,9nZhEtA,9nZhEtA,Lucian,Riply,45112 New Castle Drive,Heqiao
jdillistoneb7,qdc1pw,qdc1pw,Juline,Dillistone,71573 Forest Dale Junction,Tres Arroyos
bsigginsb8,ekC74dmv,ekC74dmv,Banky,Siggins,0 Brentwood Court,Cerquilho
ehumblesb9,mbWXvt,mbWXvt,Elspeth,Humbles,614 Becker Avenue,Sanjiang
nfearfullba,9Txi3hFK7N,9Txi3hFK7N,Novelia,Fearfull,8804 Dakota Road,Potrerillos
bmartignonbb,JS3qXZr,JS3qXZr,Barrett,Martignon,85253 Hansons Drive,Taldom
cbertomierbc,S7KxpLo,S7KxpLo,Corey,Bertomier,8285 Corscot Plaza,Carmelo
sivorybd,9um3r53DFLj,9um3r53DFLj,Shelagh,Ivory,0 Darwin Park,Hehu
sandrejevicbe,lIuHsi,lIuHsi,Sven,Andrejevic,73295 Lindbergh Center,Toledo
ckinavanbf,0L0TAV,0L0TAV,Charleen,Kinavan,5 Hovde Point,Krông Kmar
rpreciousbg,dHfyfIo2t4Ez,dHfyfIo2t4Ez,Roanne,Precious,375 Grover Court,Suresnes
hgudahybh,dvz2wyAy0xq,dvz2wyAy0xq,Hunfredo,Gudahy,985 Donald Lane,Hošťka
jwrenchbi,kicX2w,kicX2w,Jodie,Wrench,85 Farwell Plaza,Beigucheng
rsatyfordbj,qxCdgy6g,qxCdgy6g,Rodolph,Satyford,875 Waywood Alley,Łapczyca
jkornyshevbk,fj7flzRY2I,fj7flzRY2I,Julian,Kornyshev,61063 Dahle Circle,Wujing
kmatignonbl,FPo1t6Stb,FPo1t6Stb,Kylynn,Matignon,61209 East Circle,Ilek
kgorriesbm,3tO5se,3tO5se,Ky,Gorries,94887 Walton Lane,Curug
asieurbn,vQuXTmp0dn,vQuXTmp0dn,Alida,Sieur,51207 Nelson Avenue,Kissidougou
kgratrexbo,yBP2UuKuQVm,yBP2UuKuQVm,Katha,Gratrex,53 Claremont Trail,Izlake
bteidemanbp,maqYbqSj,maqYbqSj,Benedicto,Teideman,20385 Lakewood Gardens Plaza,Telč
jmottleybq,LL0QxngIQ0e,LL0QxngIQ0e,Jerry,Mottley,952 Browning Terrace,Mysiadło
jasifbr,68QRcFk,68QRcFk,Jobi,Asif,7 School Crossing,Usquil
nhargrevesbs,3C4ZT7ByB80l,3C4ZT7ByB80l,Nadeen,Hargreves,58 Darwin Hill,Fukuyama
grenahanbt,1t9dWed,1t9dWed,Georas,Renahan,0185 Hansons Place,Guling
jschollarbu,js356KyQ4dyx,js356KyQ4dyx,Jillie,Schollar,609 Oakridge Parkway,Esmeraldas
sgraeserbv,QltrzRE,QltrzRE,Stafford,Graeser,5 Marcy Crossing,Armação de Búzios
egallallybw,JgrotX7mERNH,JgrotX7mERNH,Elke,Gallally,6081 Mandrake Plaza,Gandiaye
rcochranebx,xbIe1GZO,xbIe1GZO,Rickert,Cochrane,4 South Place,Miasteczko Śląskie
kburdellby,SW6Ugi,SW6Ugi,Kat,Burdell,183 7th Junction,Bitaogan
ebrownbz,J757bNG,J757bNG,Emmanuel,Brown,5845 Tennyson Place,Primorsko
mhalleybonec0,UgGOGNSR,UgGOGNSR,Myrlene,Halleybone,0 Coolidge Junction,Korczyna
amelbournec1,k935WkQ3BU,k935WkQ3BU,Aloisia,Melbourne,2302 Forest Dale Hill,Viga
asteelyc2,T3sgcJ7cwnv,T3sgcJ7cwnv,Ahmad,Steely,65 Daystar Point,Jorochito
cbolinoc3,3izfW2Sv,3izfW2Sv,Correna,Bolino,7250 Cordelia Hill,Qianyou
jfattorec4,ZoDdh2yViY,ZoDdh2yViY,Justinian,Fattore,49773 Scott Center,Unecha
kpettsc5,MELmHAkb6,MELmHAkb6,Kayley,Petts,57294 Del Mar Pass,Sokodé
cfentemc6,cCI3CY1dRO,cCI3CY1dRO,Carolus,Fentem,1058 Moulton Road,Kuntong
igerryc7,7V59vEWn,7V59vEWn,Ignace,Gerry,41921 Grayhawk Drive,Duyure
pcaldaroc8,mUkSZN,mUkSZN,Padraic,Caldaro,17741 Pankratz Road,Mariestad
mallnerc9,x6R4uck2Ub9T,x6R4uck2Ub9T,Mercedes,Allner,375 Porter Lane,Jesenice
mdutteridgeca,ZtE6pAaJL,ZtE6pAaJL,Marcelia,Dutteridge,52 Kennedy Drive,Wincrange
tlepinecb,WZL75oB,WZL75oB,Tiffany,Le Pine,68 Bashford Street,Xinming
tclemptoncc,Y3lnSZU,Y3lnSZU,Tami,Clempton,76683 Weeping Birch Park,San Pedro
pfalconercd,2U6TdXPoRu,2U6TdXPoRu,Pepita,Falconer,9270 Vidon Way,Erími
mcasacciace,3hwKD89WqS,3hwKD89WqS,Malia,Casaccia,98 Warrior Plaza,Obodivka
kglashbycf,aXtWL90MdKE,aXtWL90MdKE,Kirby,Glashby,0800 Clarendon Crossing,Jimaguayú
fpaolinicg,ClZNYtySJ3z,ClZNYtySJ3z,Farrah,Paolini,63 Esch Drive,Sulop
mcapinettich,WVLZTAu,WVLZTAu,Marcelle,Capinetti,28 Corry Street,Nantou
msidebothamci,bMg6mbj3pt,bMg6mbj3pt,Melina,Sidebotham,4665 Brickson Park Junction,Pochayiv
bgorstidgecj,nrmZH6,nrmZH6,Birk,Gorstidge,030 Sachs Pass,Shawnee Mission
aiddonsck,sXR8tI,sXR8tI,Amble,Iddons,5107 Nevada Junction,Jinzao
escotherncl,RM2UWiHjmY,RM2UWiHjmY,Eunice,Scothern,09 Granby Hill,Xiangyang
ncollingwoodcm,Htr7AlYQ,Htr7AlYQ,Nanice,Collingwood,9 Ohio Pass,Tibati
knewartcn,Dy6JmEytRQh,Dy6JmEytRQh,Kory,Newart,8868 Welch Street,Mondlo
lswinneyco,MvumYaLB,MvumYaLB,Lukas,Swinney,43 Schlimgen Avenue,Kete Krachi
singrahamcp,IfXRKP6s,IfXRKP6s,Shandra,Ingraham,52 Buell Parkway,Kyaukse
bolenanecq,EtTzif,EtTzif,Berkley,O'Lenane,79446 Mariners Cove Junction,Santa Maria
sdouchecr,8NgkTNN,8NgkTNN,Sharyl,Douche,65285 Manley Circle,Bila Krynytsya
wgodlontoncs,M7RH2BErd0SC,M7RH2BErd0SC,Wilow,Godlonton,79 Clemons Place,San Antonio de Los Altos
tfilipsonct,jMtFViza,jMtFViza,Thorny,Filipson,15497 Tennyson Trail,Xiangshan
ejenkingcu,Y4Hv2wzIFky,Y4Hv2wzIFky,Ethyl,Jenking,2 Pleasure Pass,Kalchevaya
rschachcv,OXPxaKIlEFI,OXPxaKIlEFI,Ringo,Schach,1 Grasskamp Circle,Kamaris
rspargocw,PINDl03C8L,PINDl03C8L,Robinia,Spargo,0635 Muir Avenue,Radziszów
ibeckensallcx,3ejudyhkO62,3ejudyhkO62,Inesita,Beckensall,485 Carey Hill,Lhuentse
hdukercy,Ig0pPERz1L,Ig0pPERz1L,Hastings,Duker,1 Manufacturers Circle,Maricá
cregardsoecz,eXCu8Yl0rw6,eXCu8Yl0rw6,Cole,Regardsoe,05 Florence Point,Casais de Vera Cruz
sfitterd0,225IrAPz4,225IrAPz4,Skye,Fitter,6 Columbus Court,Xunzhong
nshamad1,RwNJZzXqTQ,RwNJZzXqTQ,Nikolas,Shama,37 Carioca Center,Atlanta
celsmord2,4N9RFk0jO,4N9RFk0jO,Charlton,Elsmor,32 Rigney Crossing,Rosthern
gdurbind3,y8UxeSBB,y8UxeSBB,Geordie,Durbin,45 Memorial Place,Balingoan
cleggettd4,7bIXsO,7bIXsO,Cari,Leggett,17 Stone Corner Center,Antalaha
glonghid5,jBWKbH8WdhC,jBWKbH8WdhC,Godfrey,Longhi,6726 Rockefeller Court,Qal‘ah-ye Shahr
drutleyd6,3tZ5qMse,3tZ5qMse,Dorolice,Rutley,56 Dapin Drive,Huangtan
aswabyd7,tzgZT3WI,tzgZT3WI,Amalia,Swaby,45314 Norway Maple Alley,Huangdu
nmawsond8,lX1ULj5WWC,lX1ULj5WWC,Nataline,Mawson,1693 Meadow Ridge Junction,Sergiyev Posad
rhelisd9,Oklkvfvs,Oklkvfvs,Reider,Helis,10865 Duke Circle,Okanagan
cbonickda,SB8tUltwN,SB8tUltwN,Cully,Bonick,36 Almo Lane,Chanhe
gmatthiaedb,5SCt1Xt9VAA,5SCt1Xt9VAA,Gasper,Matthiae,76 Jenna Park,Unisław
lraviliousdc,l1N8zA,l1N8zA,Lynda,Ravilious,32643 Graceland Circle,Llauta
gbanaszczykdd,vkyl1n16pHS,vkyl1n16pHS,Georg,Banaszczyk,9 Walton Pass,Tarariras
ablanchetde,UCWut7,UCWut7,Andriana,Blanchet,093 Ryan Circle,El Espino
jkesbydf,a55Y3Wt4hCtE,a55Y3Wt4hCtE,Juliet,Kesby,834 Hayes Court,Trincomalee
rglitherowdg,CFa6Fa,CFa6Fa,Rockie,Glitherow,00287 David Terrace,Mława
lthorndh,x2ITlAvh,x2ITlAvh,Louie,Thorn,32 Maple Wood Street,Kovilj
ctatlowdi,6BLsBdv,6BLsBdv,Cherry,Tatlow,9 Sutteridge Way,Jatiprahu
ksleedj,qLxBWh,qLxBWh,Kesley,Slee,868 West Avenue,Al ‘Alamayn
jyashindk,TUyqvs,TUyqvs,Juliana,Yashin,5 Becker Pass,Nangela
wputtrelldl,TFwZCU0eCv,TFwZCU0eCv,Wilek,Puttrell,5 Holmberg Court,Zhangjiawan
wshewrydm,l2BiCgZLv,l2BiCgZLv,Wendeline,Shewry,48 Forest Crossing,Lubochnia
dcostelowdn,AsigHQ29S4iD,AsigHQ29S4iD,Dion,Costelow,20 Mendota Street,Salcedo
cstablerdo,t4hJIQRE,t4hJIQRE,Claudio,Stabler,46 Ramsey Plaza,Jiannan
emacturloughdp,bgES0jx2,bgES0jx2,Enrichetta,MacTurlough,64 Shoshone Road,Tabon
tellinordq,HebViRBwdWg9,HebViRBwdWg9,Trish,Ellinor,8557 Twin Pines Parkway,Sampués
reldrittdr,8R6BKgG,8R6BKgG,Renaldo,Eldritt,06 Ridgeview Hill,Itapuranga
pcrichds,OVCglNyG,OVCglNyG,Peggy,Crich,3 Mallard Street,Ukmerge
gleagasdt,13VdRn2adV,13VdRn2adV,Gale,Leagas,9 Meadow Vale Lane,Sanli
pquinndu,72kasZIhNT,72kasZIhNT,Perceval,Quinn,08248 Stephen Center,Pontivy
jmatteottidv,OOSCLASU,OOSCLASU,Janessa,Matteotti,36033 Russell Junction,Bochum
ihawkswelldw,OInAs49uVVK,OInAs49uVVK,Iver,Hawkswell,274 Memorial Trail,Zhujiachang
glanondx,zvcCBMcRdpS,zvcCBMcRdpS,Georgi,Lanon,8 Monument Drive,Shchukino
cbradbornedy,dFdOpEbse,dFdOpEbse,Cathlene,Bradborne,0795 Debs Way,Nancy
idraindz,X2NqLCN,X2NqLCN,Ive,Drain,5498 Sunbrook Lane,Bagahanlad
sruppelee0,bBGZkgibiW,bBGZkgibiW,Sarine,Ruppele,13161 Hollow Ridge Crossing,Andou
nclamptone1,XG5DWS2h2Ko,XG5DWS2h2Ko,North,Clampton,126 Del Sol Circle,Victoria
cpavice2,g4Fx5V3,g4Fx5V3,Claresta,Pavic,0 Novick Avenue,Dushan
sbardelle3,584GydqN9sDj,584GydqN9sDj,Silvano,Bardell,416 Derek Avenue,Ourovéni
bwindrosse4,F7rFHmsFU,F7rFHmsFU,Bonnee,Windross,02 Donald Terrace,West End
bmoormane5,LiHgCvd4VxzT,LiHgCvd4VxzT,Bridgette,Moorman,00293 Meadow Valley Point,Sōka
erewe6,v00KKJBcL6W,v00KKJBcL6W,Elmer,Rew,699 Namekagon Drive,Jimaguayú
cwindrume7,PP0lNZpia2pC,PP0lNZpia2pC,Corny,Windrum,645 Autumn Leaf Drive,Anticala
mcattlee8,vGGe06b,vGGe06b,Marchall,Cattle,214 Parkside Court,Gorzów Śląski
jbrocklehurste9,M2cNE5a,M2cNE5a,Jeannette,Brocklehurst,962 4th Junction,Vostochnyy
ibiggsea,QjoeI9HW,QjoeI9HW,Isidore,Biggs,8269 Ludington Street,Toutai
atotheeb,ycCdrd,ycCdrd,Adena,Tothe,1207 Marcy Terrace,Paris La Défense
mdelucaec,O5ccvPnb,O5ccvPnb,Mayne,Deluca,429 Oak Valley Parkway,Besançon
lguddeed,vnFa61,vnFa61,Lois,Gudde,50126 Haas Crossing,Pantang
wwindsoree,iWyu0TcqL,iWyu0TcqL,Willy,Windsor,1814 Clarendon Plaza,Mingyu
lvasyatkinef,XNSALzVnMnkP,XNSALzVnMnkP,Laina,Vasyatkin,06 Myrtle Center,Cikondang
tgerauldeg,1ebW9P11G,1ebW9P11G,Tamar,Gerauld,8 Moose Hill,El Mirador
jbedleeh,LUrhkjswFK3U,LUrhkjswFK3U,Jeane,Bedle,06 Gerald Point,Söderhamn
omeeksei,hLeg6QAf,hLeg6QAf,Obediah,Meeks,90 Mandrake Crossing,Grybów
iolivazziej,cxykTgYkqQ,cxykTgYkqQ,Inger,Olivazzi,46722 Sutherland Terrace,Ocoyo
grenardek,nbUGY8,nbUGY8,Gasper,Renard,87822 Northland Park,Belfort
tbrookshawel,7jKyDTH79wm,7jKyDTH79wm,Talya,Brookshaw,67356 Old Shore Center,Osięciny
eburdessem,KxjQsA5YbbS,KxjQsA5YbbS,Ephrayim,Burdess,2 Dapin Point,Paris 04
dmordeyen,UiQ43rR,UiQ43rR,Danita,Mordey,5882 Drewry Drive,Jīt
wsaratheo,9W0pgJA2Z,9W0pgJA2Z,Wainwright,Sarath,3 Scofield Trail,Jasienica
mwysomeep,GNWTDU6D3,GNWTDU6D3,Marylinda,Wysome,0514 Hanover Place,Wubao
kmileq,ILveecBl5,ILveecBl5,Karl,Mil,298 David Circle,Gharavŭtí
lroubeixer,quMQgVbH1i,quMQgVbH1i,Lyndy,Roubeix,2119 Dottie Place,Novaya Lyalya
jtrahearnes,XEMGOmF88,XEMGOmF88,Jenn,Trahearn,646 Kedzie Alley,Maumere
jadameet,877dmMi2h7rl,877dmMi2h7rl,Juana,Adame,50267 Becker Point,Hezhai
pmelbourneu,59Kxn8,59Kxn8,Philip,Melbourn,44 Londonderry Place,Chai Badan
vodeveyev,X5p4rjo,X5p4rjo,Vilhelmina,O'Devey,88 Stoughton Point,Azogues
vchampkenew,u30VwhAp,u30VwhAp,Valentijn,Champken,85 Pierstorff Road,Taiping
ftedmanex,4vflhKpKJ5Li,4vflhKpKJ5Li,Fabe,Tedman,23 Warbler Park,Heredia
mcastletineey,FBKHEDbAeUE7,FBKHEDbAeUE7,Milt,Castletine,07887 Express Trail,Areeiro
ggillowez,6DeXJ6N,6DeXJ6N,Gwen,Gillow,49047 Maple Point,Cesson
pwingatef0,rJn7oQ,rJn7oQ,Paul,Wingate,50180 Comanche Lane,Kohāt
agarkenf1,9ybbOZvnR,9ybbOZvnR,Ariana,Garken,58 Clyde Gallagher Avenue,Lunenburg
pbelseyf2,XYAswFACZ0,XYAswFACZ0,Patrizio,Belsey,596 Swallow Street,Gostimë
mfargef3,ftSEI9fu,ftSEI9fu,Melisande,Farge,5107 7th Avenue,Lavrica
hcoslittf4,xN9GCO,xN9GCO,Halette,Coslitt,8 Welch Road,Hexi
adriuzzif5,XNKdmQK,XNKdmQK,Alys,Driuzzi,45 Charing Cross Point,Guder
aknathf6,5wIlToorzq,5wIlToorzq,Antonetta,Knath,02534 New Castle Plaza,Uppsala
mjohnf7,H0wu5RG8,H0wu5RG8,Marcos,John,17 Scott Alley,Novopokrovka
rpetheridgef8,6J8dTy,6J8dTy,Rip,Petheridge,729 Declaration Crossing,Shahre Jadide Andisheh
vspaicef9,IkNjvHzS,IkNjvHzS,Van,Spaice,5080 Oak Plaza,Jabal os Saraj
cwillgossfa,fJJMcx7of,fJJMcx7of,Cristine,Willgoss,75533 Muir Point,Ovruch
hcoutthartfb,yyOgZYeOG98,yyOgZYeOG98,Huey,Coutthart,65980 Arizona Junction,Ferreira do Alentejo
mdavydkovfc,q7nNftGeb,q7nNftGeb,Margarethe,Davydkov,00 Forster Court,Mafraq
zyousterfd,tnOdfw,tnOdfw,Zara,Youster,70 Marquette Street,Seupakat
mianiellofe,ymuwXCsFQ,ymuwXCsFQ,Mill,Ianiello,45304 Oakridge Way,Palestina
ggostickff,RZDJWymIT,RZDJWymIT,Gustie,Gostick,98 Hintze Pass,Wat Bot
ayarnfg,ySmdPtBP9gtG,ySmdPtBP9gtG,Annis,Yarn,75 Menomonie Place,Davydovo
rweblinfh,rgOW6U3HpCh,rgOW6U3HpCh,Royall,Weblin,65666 Fisk Point,Basīrpur
dvondrakfi,chMfSbfzPi6,chMfSbfzPi6,Doti,Vondrak,07809 Lakeland Lane,Xiayang
jpassbyfj,H5p1PbzZt,H5p1PbzZt,Jemie,Passby,7 Melvin Circle,Kangping
vzanardiifk,4PQZeN1,4PQZeN1,Verine,Zanardii,680 Elgar Road,Liverpool
prylesfl,ZAhxGnN55T,ZAhxGnN55T,Prudi,Ryles,23361 Carpenter Terrace,Zhongchuan
asopperfm,wcXLAzzn2tn,wcXLAzzn2tn,Alric,Sopper,13 Alpine Trail,Newport News
kboageyfn,ZMdEf47,ZMdEf47,Kippar,Boagey,343 Fuller Park,Selishche
nhurlingfo,AbFpZFgrA,AbFpZFgrA,Nicko,Hurling,44462 Sage Junction,Stockholm
dbuxamfp,w1qVKCQ,w1qVKCQ,Davey,Buxam,1 Loeprich Trail,Hailang
navramowfq,asDCkalEP,asDCkalEP,Nealson,Avramow,03 Sloan Point,Duyun
srolingsonfr,1Rm7cRTw,1Rm7cRTw,Standford,Rolingson,80189 Cherokee Hill,Vichy
kraglessfs,f43eK0gcIQc,f43eK0gcIQc,Katherina,Ragless,8012 Burning Wood Center,Baikui
lswannellft,TqFbj3,TqFbj3,Laney,Swannell,67 Hauk Place,Niedzica
ljeaninfu,8YfgKSV,8YfgKSV,Lizette,Jeanin,53236 Autumn Leaf Trail,Terre Haute
abracknallfv,S9WPfmNOT,S9WPfmNOT,Artemis,Bracknall,10824 Pepper Wood Lane,Bedalewun
ayandlefw,BM7gu4YjkWX,BM7gu4YjkWX,Aguie,Yandle,41668 Harbort Center,Lubumbashi
hcappineerfx,yWekBVAw3MmH,yWekBVAw3MmH,Hamish,Cappineer,2 Thackeray Point,Kourou
ofifieldfy,q8SFS4iHzC,q8SFS4iHzC,Onofredo,Fifield,53 Rutledge Crossing,Koper
scaldayroufz,wNpgO1,wNpgO1,Skipton,Caldayrou,27 Garrison Drive,Panitian
tshepherdg0,L9Hyb7Nh,L9Hyb7Nh,Tilda,Shepherd,29011 Main Center,Suisan
kfilleryg1,ZAgPdeepU,ZAgPdeepU,Kort,Fillery,2 Shoshone Parkway,Kebonan
pupwoodg2,qhA3v4r,qhA3v4r,Port,Upwood,0537 Longview Hill,Liyang
fheinschkeg3,9bgwSAOrXCX,9bgwSAOrXCX,Ferdinande,Heinschke,25956 Jana Circle,Aknīste
kblueg4,PJCIDgZtqlmY,PJCIDgZtqlmY,Konstantin,Blue,173 International Parkway,Jevíčko
hbrudenellg5,qmEjtyh8S9L,qmEjtyh8S9L,Helsa,Brudenell,9543 Menomonie Terrace,Espumoso
tnussgeng6,rcY7PrtdLyD,rcY7PrtdLyD,Tore,Nussgen,9 Hintze Point,Roi Et
lbostickg7,KjFB6QLI,KjFB6QLI,Luise,Bostick,36 Debra Court,Stockholm
flettingtong8,BoVUz5G4lgmA,BoVUz5G4lgmA,Fay,Lettington,37 Hallows Terrace,Banjar Anyar
lbowyerg9,Dj9J28oG,Dj9J28oG,Leslie,Bowyer,830 Moose Court,La Ceja
hprettyjohnsga,FzxsCSluN0P,FzxsCSluN0P,Halsey,Prettyjohns,843 Independence Point,Vysotsk
kheisgb,GAEU972,GAEU972,Kerrill,Heis,17259 School Hill,Bulnes
mbertingc,5XzjBe,5XzjBe,Murielle,Bertin,1 Sheridan Plaza,Pigeiros
bfilchagingd,PFNVU4lZHOrN,PFNVU4lZHOrN,Brittani,Filchagin,936 Dottie Plaza,Usogorsk
sclymage,SackfUPKv,SackfUPKv,Selina,Clyma,13568 David Crossing,Krajan Kerjo
reakinsgf,mYSxRb0Zwobd,mYSxRb0Zwobd,Rhody,Eakins,27 Northfield Circle,Mar’’ina Horka
nchurchesgg,rjHohnaH,rjHohnaH,Nicolle,Churches,97 Arapahoe Point,Kradinan
ghelixgh,emkkP30tqLu,emkkP30tqLu,Gannie,Helix,091 Calypso Junction,Esquina
hchimesgi,zKYCkn8Pr,zKYCkn8Pr,Horacio,Chimes,9 Buell Road,Douane
sfleaygj,9y7i5sutR,9y7i5sutR,Sheba,Fleay,669 Forest Point,Várzea da Serra
gomullaneygk,4KADA6F,4KADA6F,Giuseppe,O'Mullaney,945 Sugar Drive,Brignoles
asubhangl,C6MU0bAcb,C6MU0bAcb,Ardra,Subhan,2 Hollow Ridge Pass,Ambohitseheno
ecaslakegm,1RgEHkDiz,1RgEHkDiz,Elbertine,Caslake,1 Basil Trail,Kuantian
lkennedygn,S8ljri0XX,S8ljri0XX,Lindsay,Kennedy,588 Westend Street,San Pedro Pinula
plowdego,VGQWqmT4,VGQWqmT4,Parke,Lowde,42 Farmco Street,Zhoutou
tdunniomgp,te4QvG957ZeE,te4QvG957ZeE,Town,Dunniom,1 Graedel Pass,Brochów
qclaypoolgq,uC7NlOOGrx,uC7NlOOGrx,Quinn,Claypool,87 Mitchell Street,Uyskoye
dgrzegorzewskigr,19QL8XU79Mw,19QL8XU79Mw,Debi,Grzegorzewski,8 Tennessee Pass,Fencheng
cbalchings,KqasoO,KqasoO,Con,Balchin,160 Washington Avenue,Bayan
arackhamgt,QgPqtgxy,QgPqtgxy,Angela,Rackham,095 Butternut Hill,Xunqiao
abessomgu,0BbGRm,0BbGRm,Adrian,Bessom,83077 Eagan Terrace,Sombor
lorhrtgv,HFdT1KSH0Gt,HFdT1KSH0Gt,Laura,Orhrt,49019 Springs Pass,Calumpit
ttollidaygw,xl0470QY,xl0470QY,Tammie,Tolliday,042 Susan Junction,Palmira
imcpeicegx,09sHRuFFbCam,09sHRuFFbCam,Inger,McPeice,2 Reindahl Alley,Las Lomas
ecoiegy,qeIoUDv4,qeIoUDv4,Estel,Coie,6662 Farmco Crossing,Lárdos
vmanhoodgz,jpWk10Y,jpWk10Y,Vale,Manhood,5 Duke Way,Altuf’yevskiy
mjonczykh0,c4rlX0,c4rlX0,Maiga,Jonczyk,7888 Meadow Valley Way,Presidente Epitácio
cmatokhninh1,TDRgalr4EUa,TDRgalr4EUa,Claire,Matokhnin,637 Killdeer Trail,Demak
rtherioth2,TrF7t13kFV,TrF7t13kFV,Ronnie,Theriot,74 Leroy Alley,Sępólno Krajeńskie
dgremaneh3,Vg2LVhm,Vg2LVhm,Duncan,Gremane,5528 Colorado Park,Dulce Nombre de Culmí
astorksh4,enIh3jMDp1e,enIh3jMDp1e,Arlan,Storks,93402 Homewood Lane,Pilang
cjakubovicsh5,SytvBQZv,SytvBQZv,Catha,Jakubovics,09 Kinsman Crossing,Podedwórze
stayloth6,bfCLPvg3HS,bfCLPvg3HS,Siana,Taylot,985 Riverside Lane,Laval
ojakovijevich7,WnojXn,WnojXn,Orelia,Jakovijevic,89222 Buhler Pass,Joliette
tstollh8,fzexq9Z,fzexq9Z,Tobiah,Stoll,34 1st Junction,Sukaharja
bkorfh9,qt8wT4ebrpb,qt8wT4ebrpb,Basilio,Korf,06788 Old Shore Avenue,Dadaha
mcritchleyha,rcdkiLh,rcdkiLh,Mickie,Critchley,5 Muir Street,Sai’erlong Xiang
lnoorwoodhb,3cdKqamN,3cdKqamN,Lynsey,Noorwood,41408 Del Mar Alley,Shuangqiaoping
gdumbrillhc,hq5iC6,hq5iC6,Gail,Dumbrill,554 Straubel Junction,Landerneau
cjaycoxhd,fYkSyH8,fYkSyH8,Constantine,Jaycox,3897 Nobel Lane,Maha Sarakham
fzaczekhe,mBYPGcE,mBYPGcE,Floria,Zaczek,4 Schlimgen Avenue,Huangtu
asaffinhf,SG1loy,SG1loy,Allin,Saffin,760 Waubesa Lane,Lemenhe
ekleinmintzhg,l8Imf0j,l8Imf0j,Ekaterina,Kleinmintz,87367 Pennsylvania Parkway,Sale
mbellordhh,tHaPRmsfLJ,tHaPRmsfLJ,Mart,Bellord,5636 Pepper Wood Way,Chernomorskiy
jleatehi,aIutEX2Bx,aIutEX2Bx,Jeffrey,Leate,8 Brentwood Point,Sumuranyar
mkimehj,HeVod5T,HeVod5T,Marcelle,Kime,576 Fair Oaks Terrace,Richmond
hbullochhk,aVSJCA,aVSJCA,Haven,Bulloch,3595 Pennsylvania Trail,Manassas
aberanhl,N9V08poO9gU,N9V08poO9gU,Aleksandr,Beran,0562 Nevada Hill,Portela
aibbetsonhm,IXeMKxj5tH9,IXeMKxj5tH9,Astra,Ibbetson,7068 Emmet Alley,Pisões
vespinalhn,4V3BWSICH,4V3BWSICH,Viola,Espinal,4 Kinsman Crossing,Cauayan
gstothertho,dMmUEvK,dMmUEvK,Gene,Stothert,3085 Corscot Park,Sadkowice
cmenhamhp,xHeGij9BJA,xHeGij9BJA,Chloe,Menham,7 Sutteridge Center,Maszewo Duże
mcassiushq,XUZoBvRKVQu,XUZoBvRKVQu,Meridel,Cassius,926 Eggendart Court,Taibai
echattershr,64Ob4gy,64Ob4gy,Elsbeth,Chatters,596 Cottonwood Court,Taloko
kbouchardhs,FSgegWY3jq,FSgegWY3jq,Katherina,Bouchard,8 Gale Pass,Nihaona
gdwaneht,Atn0274J,Atn0274J,Gregoire,Dwane,77944 Schurz Center,Bizana
gheasleyhu,s1DzzQ,s1DzzQ,Galen,Heasley,2054 Pleasure Avenue,Gludug
rrabathv,UDdci7I,UDdci7I,Ross,Rabat,7 West Lane,Corroios
isimmshw,qAWXnuR,qAWXnuR,Ivan,Simms,97788 Bartillon Circle,Pushkino
jgostridgehx,P3D33OJr,P3D33OJr,Jimmy,Gostridge,27 Schiller Court,Hamhŭng
emaundrellhy,yIaJ4z9,yIaJ4z9,Egon,Maundrell,95 Debs Hill,Tekikbanyuurip
rettritchhz,1HvFXdxQ0VMh,1HvFXdxQ0VMh,Rory,Ettritch,974 Clarendon Court,Petrodvorets
gshortalli0,llTNOsarFF,llTNOsarFF,Gabi,Shortall,6 Vera Drive,Jabłonica Polska
gbaudinoti1,L2PnvahOp,L2PnvahOp,Giorgio,Baudinot,66853 Carberry Park,Nioro
bdrisselli2,hAWP6NjgdUNy,hAWP6NjgdUNy,Bernard,Drissell,3 Florence Avenue,Beiyang
djollandsi3,pkdKudN8xK,pkdKudN8xK,Dawna,Jollands,598 Commercial Park,Las Vegas
mdavanai4,JR83Uhh4bgVA,JR83Uhh4bgVA,Mayer,Davana,5897 Crest Line Point,Bendilwungu Lor
npirisi5,EwAcE7Q7o,EwAcE7Q7o,Ninnette,Piris,8 Maple Parkway,Ollantaytambo
egadsbyi6,2hdLc9ic,2hdLc9ic,Edie,Gadsby,2928 Golf Point,Quốc Oai
aadiei7,B91iaISEzOa9,B91iaISEzOa9,Ave,Adie,78586 Rieder Place,Singgit
rvellenderi8,Sp1ELc9zD2,Sp1ELc9zD2,Roobbie,Vellender,80615 Reindahl Plaza,Jinping
adunki9,gtTiPW8Qc,gtTiPW8Qc,Alessandra,Dunk,3 Pankratz Junction,Anjepy
aneasamia,8KSiTE6Uozy,8KSiTE6Uozy,Artemus,Neasam,32001 Express Avenue,Shangshaleng
vdimsdaleib,vRJKEd58,vRJKEd58,Verne,Dimsdale,7518 Mcbride Avenue,Vsevolozhsk
cgeldartic,mmpqVIuy0,mmpqVIuy0,Clemmie,Geldart,68857 Chive Park,Carodok
mdelayglesiasid,7nSMXqtw14,7nSMXqtw14,Millicent,De la Yglesias,50588 Dakota Trail,Tegalbuleud
rdolphinie,iiVlaDTTj,iiVlaDTTj,Rosy,Dolphin,72914 Norway Maple Center,Marseille
nolsenif,x79xPdHj8fG,x79xPdHj8fG,Nerissa,Olsen,4 Grim Center,Baie-Comeau
fsabateig,bQ8uIBIBd,bQ8uIBIBd,Felisha,Sabate,26 Buell Place,Choszczno
braggeih,pf1wKaKjKhUn,pf1wKaKjKhUn,Blinny,Ragge,030 Stang Junction,Nanchangshan
vwisemanii,em8bGpj,em8bGpj,Veda,Wiseman,757 Columbus Drive,Xinwu
smossbeeij,FSagqAaTmnQ,FSagqAaTmnQ,Sonnie,Mossbee,4 Hovde Park,Siruma
lnuthik,P7nDQsOM,P7nDQsOM,Lucian,Nuth,6 Stuart Place,Armstrong
mwoodageil,SJle5xu51y,SJle5xu51y,Megan,Woodage,0318 Magdeline Avenue,Ararat
kstattonim,bpjQFac,bpjQFac,Kristen,Statton,262 Mitchell Place,Trhové Sviny
amcreynoldsin,aOwy2ffd,aOwy2ffd,Alanson,McReynolds,48158 Lyons Lane,Roanoke
lwardsio,BBW88QI,BBW88QI,Lydia,Wards,531 Chive Center,Xiangxiang
acaunceip,LvNEXqdjl,LvNEXqdjl,Anne-marie,Caunce,95 Bartelt Place,Lewotukan
fvaderiq,ie7Adu8jF,ie7Adu8jF,Fiona,Vader,9172 Basil Park,Zavet
skiesselir,H7QepUkGS,H7QepUkGS,Staffard,Kiessel,1181 4th Hill,Seynod
bpallentis,c8c6CtKLO3,c8c6CtKLO3,Beatrice,Pallent,05 Anniversary Terrace,Ono
cgeelanit,U5dhOR,U5dhOR,Christopher,Geelan,23596 Mifflin Road,Yanhong
dfoltiniu,zsZrDOXkz9PY,zsZrDOXkz9PY,Daffy,Foltin,86467 Mifflin Street,Wanglu Kulon
breadwoodiv,Xi9fzfXPOSMG,Xi9fzfXPOSMG,Buckie,Readwood,04 Kinsman Avenue,Akoupé
hnickelsiw,d1wfC9JfGI,d1wfC9JfGI,Harriette,Nickels,16495 Oriole Trail,Khlong Sam Wa
dlesarrix,939Gnv9QBjt,939Gnv9QBjt,Daphene,Le Sarr,8699 Gateway Place,Mungwi
ipigginsiy,AOBFGhXssUD,AOBFGhXssUD,Ibby,Piggins,59 Esch Avenue,Valday
amilneriz,lYDiQa,lYDiQa,Ad,Milner,31646 Eastwood Point,Hamburg
aslaytonj0,A3shxHkTWL9N,A3shxHkTWL9N,Archibold,Slayton,1401 Anniversary Junction,Redondos
lbarghj1,xd6P3e4,xd6P3e4,Lisette,Bargh,0 Truax Road,Astorga
gaggissj2,rfOo9kH,rfOo9kH,Gennifer,Aggiss,8364 Mariners Cove Street,Qingshuitang
cologhlenj3,146eydb9,146eydb9,Carree,O'Loghlen,385 Cambridge Plaza,Hingatungan
ebollesj4,sWJ6Ej3r5Go0,sWJ6Ej3r5Go0,Emery,Bolles,31616 5th Plaza,Zwedru
dvedenyapinj5,KhYC6dskOUI,KhYC6dskOUI,Drusi,Vedenyapin,7957 Banding Parkway,Steinkjer
zclampej6,MFi9lrfLps,MFi9lrfLps,Zorina,Clampe,140 Rowland Circle,München
whammondj7,YaVLJNXm,YaVLJNXm,Wilma,Hammond,5958 Judy Trail,Cihaladan
mdaddowj8,XPzJzkOLj,XPzJzkOLj,Monti,Daddow,0 Bunting Park,Xinzhuang
stibbj9,HHYFik,HHYFik,Siouxie,Tibb,49 Eastlawn Hill,Lanuza
wtomasinija,MVaDy0,MVaDy0,Wendel,Tomasini,6759 Amoth Street,Danidehe
msharmajb,0qdugkXG77F,0qdugkXG77F,Mick,Sharma,1602 Ridgeview Plaza,Bakov nad Jizerou
xpratorjc,mW8xcuf,mW8xcuf,Xylia,Prator,718 Browning Parkway,Shouxihu
scrasterjd,hYPs1jI,hYPs1jI,Sergent,Craster,8822 Eastwood Road,Gigante
dbassomje,imrVsRRjk,imrVsRRjk,Daveen,Bassom,02 American Ash Drive,Las Sabanas
dhamsonjf,aRL6HKYqOUfK,aRL6HKYqOUfK,Doralynne,Hamson,664 Scott Park,Chechen-Aul
dnovakovicjg,uzVNY3,uzVNY3,Darbie,Novakovic,78 Red Cloud Alley,Tieba
bringhamjh,8isjjyu,8isjjyu,Benedetta,Ringham,01768 Porter Drive,Bauru
gadmansji,3Kajd3W,3Kajd3W,Gaultiero,Admans,2 Coolidge Court,Qanliko’l
emeekinjj,61chPb,61chPb,Esta,Meekin,57 Southridge Crossing,Culasian
llokerjk,1JUZpJ,1JUZpJ,Liana,Loker,34 Melrose Road,Ōi
ssmythjl,kmb4cdqtf,kmb4cdqtf,Sacha,Smyth,3 Arizona Junction,Xiaoying
mkempsonjm,0ZSq50,0ZSq50,Marissa,Kempson,4 Rigney Plaza,North Side
idillandjn,OKn988A,OKn988A,Irena,Dilland,12362 Texas Circle,Caicó
aguittejo,HFUtIHVojhj,HFUtIHVojhj,Annabel,Guitte,3057 Magdeline Circle,Bilicenii Vechi
cskyppejp,d31okLtUu,d31okLtUu,Cal,Skyppe,808 Bay Crossing,Ainaro
dreidjq,zpAzQWbKEY,zpAzQWbKEY,Dory,Reid,607 Burning Wood Drive,Pereira
kpogejr,7lnmvdk,7lnmvdk,Kimberli,Poge,6550 Mosinee Circle,Bao’an
mmelsomejs,nkVkQ4,nkVkQ4,Merrielle,Melsome,7775 Maple Drive,Kuchurhan
tmcgruarjt,8fu7jz,8fu7jz,Tammara,McGruar,08399 Red Cloud Lane,Tiên Phước
boreaganju,2Sz5UOascd,2Sz5UOascd,Berkie,O' Reagan,24 Calypso Lane,Būrabay
aocloneyjv,7EyPJw,7EyPJw,Allsun,O' Cloney,04495 Kingsford Plaza,Stronie
lclouttjw,lOvg1sh18Y,lOvg1sh18Y,Lynsey,Cloutt,17 Birchwood Point,Sanyantang
smachanjx,8pjIwmZ,8pjIwmZ,Sidonia,Machan,7277 Spenser Parkway,Kantyshevo
cmaysorjy,JhYMk7Bip,JhYMk7Bip,Channa,Maysor,75 Menomonie Hill,Huanshi
fragsdalljz,3nBY5Z,3nBY5Z,Freida,Ragsdall,9818 Arkansas Parkway,Jingkou
sberrisfordk0,IV4IRdfHiwKa,IV4IRdfHiwKa,Sylvia,Berrisford,924 Thackeray Circle,Purwosari
btadlowk1,JrmqjZL,JrmqjZL,Bengt,Tadlow,159 Melrose Crossing,Brakas
acraciek2,ZtS2DEef2lL3,ZtS2DEef2lL3,Ad,Cracie,95 Quincy Hill,Brudzew
rshurrocksk3,CjlFuTDCs,CjlFuTDCs,Rhona,Shurrocks,8 Namekagon Alley,Pemba
cguidettik4,BbTfko,BbTfko,Cynthy,Guidetti,9 Dawn Junction,Mae Fa Luang
evogelek5,OYpgFFe,OYpgFFe,Ermina,Vogele,380 Maple Place,Jiangkou
ddesimonik6,fVkF20C7b,fVkF20C7b,Dorelle,De Simoni,54841 Meadow Valley Junction,Radoboj
mdalglishk7,HIs5I9,HIs5I9,Marie-jeanne,Dalglish,258 Thompson Crossing,Itajubá
emandryk8,4wbGYsru,4wbGYsru,Ephrayim,Mandry,8975 School Circle,Mercedes
gabbadok9,dlu0Vs1kNal,dlu0Vs1kNal,Gretel,Abbado,86 Blaine Terrace,Żółkiewka
tlifseyka,zes8jeYuW,zes8jeYuW,Tore,Lifsey,469 Burrows Road,Lilin Satu
msparwaykb,TyWLGSPD,TyWLGSPD,Marius,Sparway,95702 Westport Center,Xiaolong
mcrokekc,ktOEAIV,ktOEAIV,Michaeline,Croke,7 Rigney Terrace,Korotych
npetroukd,xmc5yJbX60b,xmc5yJbX60b,Noel,Petrou,15520 Stuart Park,Mombok
kmauriceke,MXZXvdibP,MXZXvdibP,Kermit,Maurice,3525 Gale Drive,Shatoujiao
bspieghtkf,YxzJ33hvBk,YxzJ33hvBk,Bridget,Spieght,86368 Green Ridge Junction,Wakefield
khuddlestonkg,QlrvoAp41N,QlrvoAp41N,Karyn,Huddleston,93126 Merchant Terrace,São João de Caparica
sbriscokh,PVcBKiwz,PVcBKiwz,Sharai,Brisco,1340 Green Ridge Plaza,La Paz
sgummieki,9dTrhyR,9dTrhyR,Suzann,Gummie,41 Amoth Court,Jiapeng
cmingardkj,VUcmLe3T,VUcmLe3T,Chaunce,Mingard,05928 Evergreen Plaza,Lubukalung
aadamkk,AEXRB11u,AEXRB11u,Araldo,Adam,3 Mallard Drive,Karangsumber
astuttkl,7hntwH,7hntwH,Aurlie,Stutt,4 Pennsylvania Park,Quintela
lvautierkm,vX0A5HjF,vX0A5HjF,Loella,Vautier,7231 Marquette Street,Sedandang
swilfingerkn,pTPpgq,pTPpgq,Stafford,Wilfinger,7 Spaight Pass,Fond du Sac
hwildeyko,6d95xNWjr,6d95xNWjr,Herman,Wildey,124 Marcy Lane,Rencun
gleftwichkp,OoW2lSFwZw,OoW2lSFwZw,Giustina,Leftwich,4370 Chive Terrace,Quintela
mswalteridgekq,sl2Dcxr,sl2Dcxr,Milena,Swalteridge,34 Ludington Center,Fuyo
riacovozzokr,ab7A8a,ab7A8a,Rhett,Iacovozzo,076 Independence Circle,Laslovo
bjohniganks,9tENBXrc,9tENBXrc,Benoit,Johnigan,09 Banding Street,Nauchnyy Gorodok
credfieldkt,pjSvyKjF,pjSvyKjF,Courtney,Redfield,4350 Hayes Plaza,Cáceres
gguestku,LbHXLh1,LbHXLh1,Germain,Guest,16893 Glendale Road,Jeruk
hbarthodkv,2CyuYknnRo,2CyuYknnRo,Herrick,Barthod,32856 Forest Alley,Charlotte
gmacdermidkw,IcfUK50l,IcfUK50l,Gwynne,MacDermid,7902 Bluestem Circle,Lanxi
ikitteridgekx,rYO9616uryP,rYO9616uryP,Ilene,Kitteridge,67 Manley Lane,Tertek
jthresherky,DzT2wP,DzT2wP,Jarred,Thresher,83259 Delladonna Terrace,Bečej
dcolinkz,45U3CsVCIaI,45U3CsVCIaI,Dorris,Colin,6 Northridge Park,San Cristóbal Verapaz
apattrickl0,b8uSMnQXaW,b8uSMnQXaW,Adolpho,Pattrick,7970 New Castle Drive,Ibicaraí
npetyankinl1,gMXfwHhImZn5,gMXfwHhImZn5,Nance,Petyankin,56882 Hansons Park,Tlogoagung
vwabersichl2,OnAnJwvM4J,OnAnJwvM4J,Valerye,Wabersich,100 Moland Court,Seiça
bnockl3,FFYHsDRaxCk,FFYHsDRaxCk,Brion,Nock,422 Jay Hill,Richmond
dbeverleyl4,qocy0NQl,qocy0NQl,Dalston,Beverley,1 Dexter Hill,Yeniugou
ilivesayl5,5WqhPW0h,5WqhPW0h,Ida,Livesay,2 Stuart Way,Pervomayskoye
gmckennyl6,GObG8k,GObG8k,Guglielmo,McKenny,89 Granby Road,Na Chueak
jdwyrl7,KCKQuIr2BBww,KCKQuIr2BBww,Janela,Dwyr,08 Paget Crossing,Zhongxing
swellandl8,uKMqtCaz,uKMqtCaz,Selinda,Welland,06624 Dayton Crossing,Wonokerto
dsewleyl9,lcL6kO74q,lcL6kO74q,Derrik,Sewley,26 Hollow Ridge Road,Huangjin
ccrosbyla,A89cc31wyHz,A89cc31wyHz,Cary,Crosby,38 8th Terrace,Lavrica
mmanzlb,9IcFWSchy7I,9IcFWSchy7I,Modesta,Manz,70316 Village Avenue,Lanhe
edonavanlc,THzDSzsz,THzDSzsz,Elsworth,Donavan,59678 Arapahoe Avenue,Soba
fwisniewskild,ttj57htX23,ttj57htX23,Federico,Wisniewski,9 Kings Park,Sacramento
lsparlingle,TtZYytVaP,TtZYytVaP,Lonna,Sparling,5 Scoville Alley,Jiangpan
hgauchlf,MFmsfkjF,MFmsfkjF,Harley,Gauch,10 Ridgeview Drive,Konakridee
dgierathslg,dV3M8eVH,dV3M8eVH,Davie,Gieraths,08 Pine View Terrace,Changkeng
scrudgelh,Isc4gC2iY,Isc4gC2iY,Staford,Crudge,572 Dakota Park,Plavy
iferierli,Y9e4I4v3GDx,Y9e4I4v3GDx,Ilaire,Ferier,55 Moulton Junction,Tailing
ldeignanlj,QcVshaoAN,QcVshaoAN,Lazare,Deignan,3547 Center Place,Hanfeng
cmahaffeylk,PztdcF,PztdcF,Corby,Mahaffey,00 Shasta Alley,Sanjing
lmielnikll,VKX4A8Sf,VKX4A8Sf,Lulu,Mielnik,7445 Dawn Drive,Nixi
smarleylm,9AQBRU8,9AQBRU8,Stacee,Marley,30 La Follette Place,Kayu Agung
nkeelinln,ZADJHjFc6EO,ZADJHjFc6EO,Nye,Keelin,55212 Sunbrook Hill,Hongqi
bwalesalo,gvhSahxVdw5y,gvhSahxVdw5y,Blinnie,Walesa,121 Little Fleur Pass,La Palma
mdeboldlp,0sGfv9vC6lO,0sGfv9vC6lO,Midge,Debold,14920 Sutteridge Hill,Longhe
mdobrowlskilq,CABzoEagwSF,CABzoEagwSF,Mart,Dobrowlski,85 Helena Crossing,Saint-Jean-de-Luz
cmurdylr,CklDDi,CklDDi,Colleen,Murdy,127 Westport Plaza,Vidzy
kdanielskyls,foEHGqgpD,foEHGqgpD,Kally,Danielsky,5 Comanche Park,Saint-Étienne-du-Rouvray
amargremlt,QiqR71,QiqR71,Alejoa,Margrem,142 Daystar Lane,Sibbo
pbueylu,rHlpA5nSJUxc,rHlpA5nSJUxc,Prince,Buey,7 Bellgrove Terrace,El Cobre
vwiffenlv,YtZNBEGWD,YtZNBEGWD,Vivyan,Wiffen,149 Kropf Way,Riangkroko
afairylw,9oogOchXZ2S,9oogOchXZ2S,Ashbey,Fairy,401 Eagan Drive,Boulaouane
lscardlx,jtTyvp8vyM,jtTyvp8vyM,Laura,Scard,69 Bashford Hill,Callao
bfirmingerly,uK9WCyE,uK9WCyE,Blakelee,Firminger,82236 Katie Park,Vítkov
bonianslz,WXNjj4RFqJ9,WXNjj4RFqJ9,Barton,Onians,76 Maryland Street,San Miguel
bkenrydm0,Khm8BAveF6wt,Khm8BAveF6wt,Basile,Kenryd,711 Milwaukee Trail,Saumur
kbasantm1,IuLhCmzcRZA,IuLhCmzcRZA,Kiley,Basant,89385 Dorton Place,Pasirtundun
stilliardm2,Mbm3bq7B,Mbm3bq7B,Sherilyn,Tilliard,6812 Doe Crossing Place,Mpongwe
vmarklundm3,JFubVslcu,JFubVslcu,Virgie,Marklund,9340 Golf Course Center,Wakuya
psurrm4,7reADOp,7reADOp,Paulie,Surr,0 Havey Court,İsmayıllı
atolomellim5,UNN0ZFrOaZ,UNN0ZFrOaZ,Aggy,Tolomelli,9 Forest Drive,El Hermel
gtrevallionm6,PUc9pSVSwgA,PUc9pSVSwgA,Giselbert,Trevallion,6585 Swallow Junction,Porto Seguro
rkenningleym7,tyUBkJZ,tyUBkJZ,Retha,Kenningley,81 Raven Alley,Pasar Kulon
cearleym8,EPSwJnDV,EPSwJnDV,Cathrine,Earley,43671 Transport Drive,Maindang
lmccrawm9,v5Udpple,v5Udpple,Luigi,McCraw,3 Bayside Center,Ceerigaabo
mcutchiema,kJ1LBf,kJ1LBf,Marian,Cutchie,6484 Sachtjen Pass,Dalumangcob
kpigeonmb,GffyGSsm3,GffyGSsm3,Klaus,Pigeon,5 Surrey Hill,Banovo Polje
rnothermc,m5d7xba,m5d7xba,Rana,Nother,79 Barnett Hill,El Estor
mfranzewitchmd,54d6nFCj5w,54d6nFCj5w,Margeaux,Franzewitch,73 Continental Junction,Riđica
vbenediktme,TV4I2DWww,TV4I2DWww,Victoir,Benedikt,2219 Cambridge Drive,Bei’an
ybenoitmf,L0lJnqELZJ1N,L0lJnqELZJ1N,Yul,Benoit,6 Dahle Road,Ngujung
jwortsmg,BFceQxUm7,BFceQxUm7,Joice,Worts,1 Grayhawk Hill,Chengyang
chastedmh,JPO6uXoB,JPO6uXoB,Carmella,Hasted,9 Monica Pass,Linstead
cdollmanmi,WKWNZoSbebae,WKWNZoSbebae,Cyndi,Dollman,372 Kipling Court,Caxias
tolivermj,XcFH5qolt4,XcFH5qolt4,Tanitansy,Oliver,85227 Eagle Crest Court,Kolympári
abrillemanmk,g7PRnB7wE,g7PRnB7wE,Ainsley,Brilleman,5547 Tomscot Trail,Sámara
qwhicherml,CaPR0XoM,CaPR0XoM,Quinta,Whicher,0 6th Road,Benoy
bwyburnmm,OPC1oilymj,OPC1oilymj,Blinni,Wyburn,702 Towne Parkway,Doloplazy
czecchettimn,1nLSCUXNvO,1nLSCUXNvO,Craggie,Zecchetti,16864 Iowa Crossing,Magisterial
cglidemo,EeV2P0q,EeV2P0q,Ceciley,Glide,5 Milwaukee Circle,Babakanbandung
gcannymp,4Ea3Q9,4Ea3Q9,Griffith,Canny,6 Calypso Court,Qingshu
osteinsonmq,yef22jQ,yef22jQ,Ofelia,Steinson,378 Farragut Circle,Yuhang
krumsbymr,KY9TgMNN,KY9TgMNN,Kyle,Rumsby,58800 Melrose Plaza,Meijiang
ccroallms,hc3p3rbSf,hc3p3rbSf,Callie,Croall,6704 Grover Hill,Hidalgo
dpendleberymt,MVECZr,MVECZr,Devina,Pendlebery,43 Spenser Point,Yelenendorf
mthreadgoldmu,cBQW86Uqds,cBQW86Uqds,Marquita,Threadgold,348 Marquette Plaza,Shadrinsk
krandalesmv,LnFIg2vr,LnFIg2vr,Kinsley,Randales,2 Graceland Park,Göteborg
gdulwichmw,3DeKRoCW,3DeKRoCW,Gerry,Dulwich,8540 Victoria Road,Huangsha
mpryellmx,HJLLtrfy5,HJLLtrfy5,Morry,Pryell,40 Eggendart Road,Minji
tdecazemy,NOn0rxh,NOn0rxh,Tadd,Decaze,8629 West Center,San Pedro Apartado
sstedallmz,uwxK5F,uwxK5F,Stillman,Stedall,5 Stone Corner Street,Kang-neung
nseabornen0,PJpxrca,PJpxrca,Nelia,Seaborne,454 Monica Alley,Podu
makenheadn1,ygv1eU6bWN,ygv1eU6bWN,Meredeth,Akenhead,02 Pierstorff Way,Banjeru
hkelwickn2,N2gylsxfdq,N2gylsxfdq,Hyman,Kelwick,5 Sunbrook Pass,Sandouping
scrosoern3,DYcvlp,DYcvlp,Sharline,Crosoer,0369 Gateway Street,Kauhava
ecowelln4,fwlyb8fd,fwlyb8fd,Erinn,Cowell,320 Larry Trail,Langxi
cmartin5,FyZQi6zaU,FyZQi6zaU,Cody,Marti,11020 Waxwing Lane,Adani
againen6,4AHQdEWUN,4AHQdEWUN,Ardath,Gaine,1 Laurel Pass,Jiangbei
gdaouzen7,OQfvFRw,OQfvFRw,Gaye,Daouze,0 Surrey Junction,Montpellier
sgoulstonn8,lmeXt44Lj,lmeXt44Lj,Sophey,Goulston,3 Jana Pass,Thị Trấn Việt Lâm
lbealesn9,BLR2wlb6W,BLR2wlb6W,Leonidas,Beales,8526 Coleman Plaza,Saint-Grégoire
lmaudsleyna,EPhRCB,EPhRCB,Leon,Maudsley,3 Truax Alley,Chepo
pminchinnb,jnbEcXHH,jnbEcXHH,Peder,Minchin,69371 Prentice Alley,Ingå
bthomsnc,O1XLu4SVMOlB,O1XLu4SVMOlB,Bertine,Thoms,891 Mariners Cove Place,Bussum
gpaishnd,S8TcuX7sGvT,S8TcuX7sGvT,Genni,Paish,99 Banding Point,Kalipare
tkonkene,ydUtGkv,ydUtGkv,Trevor,Konke,3 Boyd Park,Luleå
cstermannf,DmCtRr3inl,DmCtRr3inl,Colline,Sterman,3 Elka Drive,Nanmo
dhazeleyng,lZUOfErOgX,lZUOfErOgX,Dara,Hazeley,160 Independence Street,Santo António
drubenfeldnh,sceBkas,sceBkas,Dorelia,Rubenfeld,0 Express Parkway,Mineralni Bani
ununneryni,XYyAIbVmfN,XYyAIbVmfN,Udall,Nunnery,09101 Waywood Parkway,Qorashina
amicconj,tho129l,tho129l,Alana,Micco,890 Everett Crossing,Nizhnyaya Omka
lbrazilnk,Ap0vPlnN,Ap0vPlnN,Lynn,Brazil,563 Oxford Center,Kafr Mandā
cfrankesnl,2hzgHY,2hzgHY,Carrissa,Frankes,09009 Fairview Crossing,Leipsoí
dbergenm,bqFRev3,bqFRev3,Durant,Berge,2 Hovde Parkway,Konstantynów Łódzki
cdartonnn,it5UIV56,it5UIV56,Caroline,Darton,0921 Sommers Junction,Kharagauli
bsearbyno,2Gz5Mgx25,2Gz5Mgx25,Bradney,Searby,36 Surrey Drive,Abonnema
childrewnp,v6Ao9yAlo,v6Ao9yAlo,Calley,Hildrew,2 Mallard Street,Hongch’ŏn
rducarnenq,coJyOF89L,coJyOF89L,Ravi,Ducarne,57890 Gerald Drive,Growong Kidul
ylinnellnr,HIxjjX1OfVU9,HIxjjX1OfVU9,Yehudi,Linnell,6824 Chinook Place,Porsgrunn
fruckmanns,bLX4WCFqEFl,bLX4WCFqEFl,Fanni,Ruckman,448 Sheridan Avenue,Quintães
jjestecont,u5txyT,u5txyT,Janenna,Jesteco,849 Heffernan Hill,Baras
amapamnu,nN8fvRd9T,nN8fvRd9T,Abby,Mapam,00 Moulton Road,Renfrew
wjoannv,vIvill8t4ika,vIvill8t4ika,Willi,Joan,2 Crownhardt Plaza,Voskop
dantonignettinw,XUhnlVI,XUhnlVI,Darwin,Antonignetti,71 Riverside Plaza,Picungbera
hduncansonnx,NP7KdBPy2np,NP7KdBPy2np,Helen,Duncanson,6159 Loftsgordon Hill,Pacucha
bquenbyny,6ugRw5O15,6ugRw5O15,Benita,Quenby,949 Mockingbird Crossing,Wongsorejo
gbocnz,bkdf2kyPxTT,bkdf2kyPxTT,Gray,Boc,8347 Northfield Road,Ulichnoye
kdelleschio0,3aLFKdbgGWM,3aLFKdbgGWM,Kati,Delleschi,5954 Jana Lane,Latowicz
emartheno1,OdDYxPIElcue,OdDYxPIElcue,Emmerich,Marthen,6602 Oakridge Avenue,Ochobo
acreaveno2,j1xFDC,j1xFDC,Aurie,Creaven,0 Victoria Way,Vällingby
araffeortyo3,oBnz0REIm,oBnz0REIm,Astrix,Raffeorty,18 Summit Avenue,Jadranovo
cezeleo4,wRF7hVnJ80,wRF7hVnJ80,Cordi,Ezele,03 Messerschmidt Center,Rivera
vottiwillo5,mqzA0dx,mqzA0dx,Vinnie,Ottiwill,8823 Village Street,Wupu
pameyo6,O0D8cHOrh5K,O0D8cHOrh5K,Patin,Amey,8623 Rieder Road,Qinghaihu
rtouseyo7,V9eNNs88N,V9eNNs88N,Reena,Tousey,763 Walton Lane,Jumpangdua
cmacconnalo8,c6RpVWImw,c6RpVWImw,Cris,MacConnal,75870 Rieder Road,Meipu
bacomo9,1VhbUGcqh,1VhbUGcqh,Barri,Acom,89298 Kingsford Hill,Arzila
santhamoa,dDEYAcxizxOt,dDEYAcxizxOt,Skye,Antham,93899 Dapin Road,Bagok
mdreinanob,wiHeXyq,wiHeXyq,Mary,Dreinan,8 Nancy Pass,Licheng
bpeyrooc,CXzE8RGcUpls,CXzE8RGcUpls,Barret,Peyro,7 Anniversary Plaza,Palguyod
mpinckardod,fRUBz1UT9z7,fRUBz1UT9z7,Maurene,Pinckard,12063 Lien Avenue,Mozdok
owrixonoe,2dKIQwFQL,2dKIQwFQL,Otha,Wrixon,0 Bashford Junction,Níkaia
bburlingof,UHPzMA,UHPzMA,Benedikt,Burling,4 Golf Trail,Pervomayskaya
lreaneyog,64wH4uhbFEGJ,64wH4uhbFEGJ,Laurel,Reaney,729 Loftsgordon Way,Cisantri
asulteroh,j5ubf8,j5ubf8,Alayne,Sulter,9976 Blue Bill Park Avenue,Santo Domingo
halesiooi,eAGyDlW3c1,eAGyDlW3c1,Hugibert,Alesio,1 Scoville Trail,Xiamao
pfardonoj,KrVWH46,KrVWH46,Perry,Fardon,292 Lillian Hill,Labuan
hboxhillok,Tias642Vf50,Tias642Vf50,Hogan,Boxhill,6510 Westend Point,Eucaliptus
rfinessyol,3IsAnmyj7Xqc,3IsAnmyj7Xqc,Raina,Finessy,2712 Artisan Avenue,Longcang
igerokom,VtWfiSg7Cw,VtWfiSg7Cw,Inigo,Gerok,50 Fuller Plaza,Dongguan
fcresswellon,LFC3gbHfx,LFC3gbHfx,Frederico,Cresswell,0693 Schmedeman Park,Bu‘eina
adilliwayoo,ERmfn4KDUs9E,ERmfn4KDUs9E,Alikee,Dilliway,751 Larry Road,Malangwa
wovenellop,xpQmimz2,xpQmimz2,Wiley,Ovenell,9355 Stoughton Park,Tālīn
ecureoq,vfzUilAEt,vfzUilAEt,Eleanore,Cure,36 Troy Court,Huangnaihai
clamplor,IuaW0k0,IuaW0k0,Cordi,Lampl,3 Pennsylvania Pass,El Sauce
shanselmanos,ZVKbmb,ZVKbmb,Sarine,Hanselman,275 Straubel Plaza,Verona
cmackilroeot,RV4xSn,RV4xSn,Cal,MacKilroe,7320 Elka Way,Shanghu
nbewlyou,Xsub4kF,Xsub4kF,Noble,Bewly,443 Sloan Avenue,Great Neck
jaucourteov,Un5ITG7,Un5ITG7,Josselyn,Aucourte,6 Glacier Hill Circle,Manhumirim
mgiovannardiow,mcNk12EPi,mcNk12EPi,Mireielle,Giovannardi,79 Di Loreto Lane,Monaragala
mgartonox,ko0dJUR0AKkN,ko0dJUR0AKkN,Minette,Garton,16 Springview Parkway,Princeton
mdeelayoy,a6zK3SZ0tpHv,a6zK3SZ0tpHv,Melanie,Deelay,7565 Glacier Hill Parkway,Gielniów
mgartinoz,Hu60me9wFKPv,Hu60me9wFKPv,Meryl,Gartin,22 Blue Bill Park Terrace,Jembatandua
fmccaskellp0,KKrrJbD,KKrrJbD,Freemon,McCaskell,1 Maple Trail,Mjamaoué
gkadarp1,k9UG2yIh7em5,k9UG2yIh7em5,Gayelord,Kadar,08 Manufacturers Road,Dallas
ejaffreyp2,F61qlZpGfq,F61qlZpGfq,Emiline,Jaffrey,2 Warrior Drive,Carcavelos
njoratp3,OuMZ3I,OuMZ3I,Natalee,Jorat,9783 6th Center,Oslo
bmassingberdp4,zInNcnoi1,zInNcnoi1,Bobine,Massingberd,4995 Dottie Parkway,Palhoça
jcookesp5,HyFFLW,HyFFLW,Jennine,Cookes,5796 Messerschmidt Hill,Shimokizukuri
bishakip6,hz34rJc2b,hz34rJc2b,Bunnie,Ishaki,30370 Larry Road,Long Loreh
mdurnp7,Djqlvew,Djqlvew,Magnum,Durn,5 Elka Trail,Nanyi
cfoskenp8,xhbF68vrs,xhbF68vrs,Clark,Fosken,1 Macpherson Terrace,Magetlegar
atrevenap9,wFSbjIFFA,wFSbjIFFA,Ava,Trevena,00 Gale Road,Santo Antônio de Pádua
clavellepa,W8FmyQ,W8FmyQ,Carolyn,Lavelle,46 Milwaukee Trail,La Sabana
poagerpb,QrCfBQqoYZ,QrCfBQqoYZ,Porter,Oager,17 Springs Lane,Harnoli
lagronskipc,k2pppNdt9APV,k2pppNdt9APV,Leigh,Agronski,649 Warner Hill,Xijiao
cmardellpd,bBUVQOmaf4xe,bBUVQOmaf4xe,Chery,Mardell,14214 Brown Terrace,Shibajiazi
obeardspe,GbpbBdKij,GbpbBdKij,Ogden,Beards,9 Jackson Way,Tanumshede
drubinowiczpf,Cx9hT2l,Cx9hT2l,Dannie,Rubinowicz,31577 Macpherson Junction,Petrich
dgodbaldpg,c4lhQ3Kl1X,c4lhQ3Kl1X,Douglas,Godbald,92 Reindahl Place,Silihe
hglitherowph,gVbVOkvhnHT,gVbVOkvhnHT,Hinda,Glitherow,2914 Rieder Pass,Samobor
gvasnevpi,UKodzX5mH,UKodzX5mH,Gloria,Vasnev,9 Mallard Road,Modakeke
agreswellpj,SqC5ODYsI,SqC5ODYsI,Andriana,Greswell,5 Dorton Lane,Xilanqi
aisetonpk,vNwVuCWVquI,vNwVuCWVquI,Angeline,Iseton,66 Lakewood Gardens Place,Yangfang
bjenynspl,nkHsYqV8VWuW,nkHsYqV8VWuW,Bailie,Jenyns,34156 Dahle Drive,Moriya
bmacmeanmapm,snglZMRsyP,snglZMRsyP,Barbabas,MacMeanma,6 David Plaza,Changwon
jmitkovpn,j90s1Fti6R,j90s1Fti6R,Jack,Mitkov,17683 Elka Circle,Xishaping
zedelerpo,8AOdf6fJPKp,8AOdf6fJPKp,Zsazsa,Edeler,29 Waywood Way,Velagići
ahalledaypp,2Yfr4uIUY4Kd,2Yfr4uIUY4Kd,Aluino,Halleday,1 Thackeray Terrace,Vesoul
gkittlepq,9LqbemV3g2Z,9LqbemV3g2Z,Gil,Kittle,9 Pankratz Park,Auch
bgawthorpepr,LMu7NaM,LMu7NaM,Brock,Gawthorpe,5 Brown Place,Taubaté
mmussettips,ol71As8a,ol71As8a,Maurise,Mussetti,8311 Reinke Park,El Puente
ahessingpt,8tSyPKGx,8tSyPKGx,Ardith,Hessing,7 Monterey Crossing,Lat Lum Kaeo
cboydepu,xS6Dh3dPOk4L,xS6Dh3dPOk4L,Cecilla,Boyde,1401 Kenwood Park,Simpang
djohnceypv,oB6YXDkdvTB,oB6YXDkdvTB,Domini,Johncey,05 Village Pass,Sakété
gosgerbypw,OX3VBpyiyTT,OX3VBpyiyTT,Greta,Osgerby,291 Riverside Center,Even Yehuda
jeppsonpx,O7oAbg37Iz8N,O7oAbg37Iz8N,Judith,Eppson,39900 Grasskamp Court,Songculan
rlongcasterpy,A2V1kdQAQ,A2V1kdQAQ,Rich,Longcaster,74 Elmside Crossing,Maiac
lconringpz,kV2Q8Ml,kV2Q8Ml,Linda,Conring,71692 Granby Center,Arcos
cbriersq0,CKmUfP3dlzhX,CKmUfP3dlzhX,Christine,Briers,474 East Pass,Doudleby nad Orlicí
ndysertq1,XZH6VuToKNHu,XZH6VuToKNHu,Northrup,Dysert,8017 Blue Bill Park Avenue,Gelgaudiškis
edimnageq2,rtapuw,rtapuw,Elisabet,Dimnage,98 Declaration Park,Sarykemer
lbruq3,ig1LBRt,ig1LBRt,Lind,Bru,8 Victoria Street,Girey
praymondq4,NqKectOJ,NqKectOJ,Phillipe,Raymond,038 Messerschmidt Lane,Piterka
acowopeq5,ZuEB1B,ZuEB1B,Aeriela,Cowope,597 Park Meadow Street,Pamatang
llightwoodq6,7EVRm3nEGq7,7EVRm3nEGq7,Lois,Lightwood,54409 Lukken Park,Yanjiang
ybrockieq7,u40kYSaKHC3y,u40kYSaKHC3y,Yalonda,Brockie,593 Fulton Terrace,Wukeshu
tcleyburnq8,j17P7Us,j17P7Us,Tedi,Cleyburn,02 Summit Center,Calangain
aflatleyq9,rMMiUrtHBbE,rMMiUrtHBbE,Antons,Flatley,6228 Annamark Pass,Duitama
lpickerellqa,OdrdNo,OdrdNo,Larine,Pickerell,2 Jackson Park,Norrköping
snolinqb,o47p7C,o47p7C,Sheppard,Nolin,903 Michigan Point,Praia da Vitória
jstudartqc,ZRiGaGf1PX7,ZRiGaGf1PX7,Jackqueline,Studart,769 Eastwood Point,Comitancillo
dwelbournqd,ZJCeNxiuo17,ZJCeNxiuo17,Dodi,Welbourn,28808 Pankratz Parkway,Sancha
htudbaldqe,uxpPQdE,uxpPQdE,Horatio,Tudbald,8713 Northwestern Alley,Fu’an
wlegoodqf,07w0WvuBR,07w0WvuBR,Will,Le-Good,20598 Truax Point,Novomyshastovskaya
sclowneyqg,S8pZv7ogF,S8pZv7ogF,Sula,Clowney,35 Quincy Hill,Yanahuaya
dcampaigneqh,3pM9bVUyAQTp,3pM9bVUyAQTp,Deloria,Campaigne,11822 Reinke Center,Martanesh
ldurandqi,R7i4B7CyGQ,R7i4B7CyGQ,Lusa,Durand,6 Butterfield Terrace,Bouaké
awoolardqj,bGafjVixj,bGafjVixj,Aveline,Woolard,368 Northridge Street,Shizuishan
dgolsthorpqk,iyI9j3ne,iyI9j3ne,Dani,Golsthorp,3423 Cardinal Center,Klampis
ljazeql,iLL9Ny,iLL9Ny,Lavena,Jaze,581 Vidon Point,Zhongshan
kyakuninqm,ODpvlHYazXC,ODpvlHYazXC,Kort,Yakunin,1 Jay Way,Povarovo
esongestqn,tjXGn3,tjXGn3,Effie,Songest,87666 Center Drive,Cerkvenjak
ralchinqo,iq8Te4V2sCHg,iq8Te4V2sCHg,Rosetta,Alchin,4 Kipling Terrace,Timezgadiouine
fmaccafferkyqp,kNlXsjc,kNlXsjc,Fields,MacCafferky,138 American Ash Point,Hainan
wsmallridgeqq,E4Qenp8xb,E4Qenp8xb,Winslow,Smallridge,169 Old Shore Place,Ringinagung
sjiroudekqr,5Zd1ap,5Zd1ap,Sallyann,Jiroudek,38 Trailsway Lane,Wangon
dmcarleyqs,EnjG11XYpifE,EnjG11XYpifE,Demetri,McArley,46313 Schurz Point,Lastoursville
bbrimacombeqt,eTszLd,eTszLd,Bonnie,Brimacombe,02 Porter Pass,Santyoku
dspearingqu,tjm29XaEYL,tjm29XaEYL,Domini,Spearing,07187 Judy Junction,Kranjska Gora
ggleyqv,eviEQNBRxXD,eviEQNBRxXD,Guglielmo,Gley,35 Alpine Circle,Sulitair
rgambellqw,YMgLI1Z,YMgLI1Z,Raul,Gambell,844 Eliot Parkway,Pandanwangi
lroxbyqx,SSainXyrAQ,SSainXyrAQ,Latisha,Roxby,95192 Sutteridge Circle,Peishe
whansomqy,LYWaPHM,LYWaPHM,Wynn,Hansom,9 Waubesa Circle,Yantongtun
cgiloglyqz,NstASyk1S7c,NstASyk1S7c,Crosby,Gilogly,8930 Montana Center,Luže
ashemiltr0,UMMFm8xX0,UMMFm8xX0,Alair,Shemilt,63 Moose Parkway,Chyhyryn
htutchellr1,rbaVsDdNiGV,rbaVsDdNiGV,Hadria,Tutchell,73081 Acker Junction,Paledang
cstockleyr2,VROl8JPB3,VROl8JPB3,Cally,Stockley,0 Nevada Plaza,Toledo
abushnellr3,A0zDk0o4ufHq,A0zDk0o4ufHq,Anton,Bushnell,7 Stone Corner Crossing,Krajan Alasdowo
ttamblingr4,NaJu8CwLa16W,NaJu8CwLa16W,Tucky,Tambling,907 Colorado Court,Padhahegha
sdudlestoner5,LcDBvwTpSi,LcDBvwTpSi,Scott,Dudlestone,426 Alpine Drive,Ketapang
zflaniganr6,UsY7tgykFn,UsY7tgykFn,Zerk,Flanigan,2 Johnson Hill,Kaeng Khro
fcurtoysr7,IdQJ9iMrrD5,IdQJ9iMrrD5,Finn,Curtoys,31 Kropf Lane,Lampuyang
rwatshamr8,W9GfS46,W9GfS46,Richart,Watsham,48 Monica Trail,Dongchuan
dclymor9,FCRFXo4J,FCRFXo4J,Daryl,Clymo,71 Pierstorff Hill,Tucupido
ecuphusra,qGDxVv3t7,qGDxVv3t7,Elly,Cuphus,85 Anzinger Park,Zhifang
fgoodhandrb,ZTJ6em,ZTJ6em,Franciskus,Goodhand,61 Becker Trail,Stockholm
rbowmenrc,cubtaBGz,cubtaBGz,Rickert,Bowmen,0 Mitchell Pass,Serang
kcalanrd,zUqpyVVQun0X,zUqpyVVQun0X,Kassi,Calan,485 Kingsford Park,Ciawi
abisterfeldre,mPi3IH,mPi3IH,Adlai,Bisterfeld,6 Scofield Lane,Citalahab
joxbrowrf,ktfO0Kt5,ktfO0Kt5,Joyous,Oxbrow,9556 Doe Crossing Plaza,Pingtan
ncloneyrg,6SlYaYir5ba,6SlYaYir5ba,Nicholle,Cloney,205 Meadow Valley Point,Ognevka
ocoxrh,Fdnl7Xz,Fdnl7Xz,Oralee,Cox,4 Hanson Point,Brumadinho
blawfulri,08WeMENu,08WeMENu,Brina,Lawful,8 Spenser Court,Shun’ga
bmccoskerrj,iy2fyUFGNo0,iy2fyUFGNo0,Bartlet,McCosker,2184 Atwood Drive,Jianyi
camiesrk,gMJEuZ9Oz6k,gMJEuZ9Oz6k,Con,Amies,55 Toban Way,Gaoqiao
asimonsonrl,DCCUL7N9,DCCUL7N9,Amandi,Simonson,59 Pine View Plaza,Sancang
leaglerm,OJuFfu4vIzX,OJuFfu4vIzX,Lesley,Eagle,37 Westridge Place,Cam Ranh
atittershillrn,WqU7lah0Zur,WqU7lah0Zur,Anthea,Tittershill,119 Brown Plaza,Neebing
ocarneyro,VqDXModnF9,VqDXModnF9,Oralee,Carney,15197 Veith Parkway,Lakota
sseilmannrp,KZRBzDequW6b,KZRBzDequW6b,Saunder,Seilmann,4914 Dayton Junction,Crossmolina
dwyndhamrq,sZ3aqcBK,sZ3aqcBK,Donovan,Wyndham,70 Linden Circle,Labuan
plembckerr,BZTpuF,BZTpuF,Phoebe,Lembcke,00874 Katie Trail,Khodzhi-Gasan
